,100
0,0.0
1,2.9899519041260163
2,-0.392976374695877
3,1.3082897988305575
4,4.076136409168413
5,0.4299583713474533
6,1.2130886284153917
7,-12.834157762103587
8,5.779631945194012
9,-1.073571182031415
10,4.547170362853407
11,-4.287570684141642
12,6.234447291165509
13,5.885085300838526
14,0.3038912871747925
15,-5.0783783828911595
16,-0.6938116315504601
17,-0.505585447050791
18,-4.996115425588144
19,-8.839927062045703
20,0.3723256083654434
21,0.5030004721819807
22,2.3059079827757216
23,-0.5157432508642188
24,11.583116193994158
25,6.365864207291025
26,1.3692881327127395
27,1.2142516637684366
28,-6.4377631188124695
29,-3.0252881418047792
30,-0.2427447501415827
31,-3.9801039246155483
32,-2.7814708750919124
33,1.1223364313364783
34,-10.41098924070451
35,-0.6647639486892558
36,7.423795357516255
37,11.427056101448542
38,4.4340220820463685
39,-3.81575208785344
40,2.4782323303928564
41,-1.7861394448999874
42,-0.9140727234086654
43,3.647049445546756
44,-8.03005875358923
45,-4.267807576339081
46,-1.9724573931175087
47,-4.73765330460796
48,2.948724112199102
49,5.034801399716571
50,2.8938537227015644
51,1.2576520740823725
52,0.4962945544395012
53,-0.34626148298011117
54,-2.2883910403307226
55,2.4585112742591946
56,-2.0559783108911915
57,-0.7188127251484815
58,2.511620037468049
59,-2.9885833041325753
60,-0.44165546341299944
61,0.3077851432877168
62,-2.8567920035032017
63,3.6317350876975922
64,-0.6324781262291026
65,0.5424346597906577
66,3.6284522955692893
67,0.9284415581604577
68,0.8339646229731699
69,-3.367298722630565
70,2.394862258166242
71,-4.796030166474381
72,-2.7648793406914933
73,1.8246307689962435
74,-3.935081701922641
75,2.068060404214066
76,5.264877155512792
77,3.1956912719488173
78,1.932494154916597
79,-6.96344554319333
80,-0.14909184516194784
81,-2.358605505211443
82,-3.2510601186621955
83,-0.414533650117221
84,4.234578181964167
85,4.250124364764972
86,-1.6016878752778467
87,-3.3656273611876344
88,-0.7778237444040172
89,-1.5143419643322886
90,3.5132962694812306
91,4.310676325117143
92,-3.9232311800180497
93,8.171303351203676
94,3.0047467956470797
95,-1.589164404511891
96,-3.641683425633545
97,-1.8806348991951438
98,-4.0501419801783385
99,-4.462032021826914
100,-2.472335416168022
101,-3.592158619347515
102,6.440961486327041
103,1.72462783713857
104,3.7917251447189244
105,2.2914582878240566
106,-1.1179296134828292
107,-0.7060062641860299
108,2.76843606666165
109,6.057437771172445
110,1.3410535345857255
111,2.6782550012082424
112,-7.369049903374844
113,-4.407472951152997
114,-4.037198859017096
115,-7.953689407396908
116,-2.512158056471634
117,-3.4032911333459595
118,-1.4952279259992736
119,8.280290084795766
120,5.455967514011647
121,9.151893824245988
122,4.845222098839429
123,3.9636145799079827
124,-4.031037230336608
125,0.9189955846044171
126,2.859169445274418
127,-8.306299841897413
128,-11.259480008397574
129,-1.2977949706851177
130,-0.16170403363319963
131,-6.809231476604893
132,4.055542920635972
133,-0.15575779608086293
134,9.899679854281459
135,6.57837023928019
136,0.8439995254075257
137,1.7377055008091844
138,3.189630785685665
139,0.3405015890708398
140,-5.860505313420646
141,-8.042197542638647
142,-2.559047048738975
143,-1.1673193082005326
144,-0.9446499246284503
145,-3.2445479809531292
146,-3.514608263416278
147,7.643555541852066
148,6.9463673858655
149,5.198326483992446
150,1.2641925810122956
151,-1.7693471411561177
152,0.45648754127313396
153,3.976087169450622
154,-7.198770534959451
155,-1.8677372899611413
156,-3.5810028935003118
157,-5.21700391087316
158,-0.1775153865330168
159,-1.6778994627916717
160,2.885015649129471
161,5.181721524016865
162,-0.97574770268956
163,7.3902664494670205
164,1.4590236194254516
165,-3.2168280518995402
166,0.7646462161587806
167,5.83835022942759
168,-2.3494219639514995
169,-3.9785369843353777
170,-3.39488564114653
171,-5.8824740568230425
172,-5.701241740516309
173,-2.617576166435967
174,2.1729575546814175
175,6.025759861705083
176,3.096255598783486
177,4.71499777996776
178,5.274588905380384
179,4.419438481766704
180,-0.9441351623583785
181,-8.663587141391645
182,-5.71642822483301
183,-8.249651176234437
184,4.547134128982819
185,3.1413442449979527
186,-1.6111604114501006
187,3.9921364497684237
188,4.730157382717522
189,-5.007191668093299
190,0.8942574946973139
191,1.1484974555775835
192,-0.7988205141354712
193,1.3828595455857737
194,5.3267591370251495
195,-3.545492302599314
196,-1.369405674658168
197,4.4892054391450955
198,-0.8839621143872591
199,-7.66248388251195
200,0.949462178912384
201,-5.419469635593586
202,-1.8293624140108165
203,2.151893464444285
204,-1.7986469701113208
205,10.413540450963453
206,2.0077333418690557
207,5.504430966364794
208,2.9457936944442764
209,-1.6032915912088725
210,-5.836586526644126
211,-12.425508538898129
212,-2.5910229156843627
213,0.6606507328351228
214,3.807902033237667
215,2.294946872035112
216,6.855289322029975
217,0.6879176704954943
218,-3.8319425446154014
219,1.6102064850583417
220,3.565156483566369
221,-2.6880486076533288
222,-1.1565819407796596
223,-6.281535591274192
224,2.4697262803894233
225,0.5717357015638527
226,0.8234848110054855
227,-0.9321747244831613
228,-0.8267783409573326
229,3.7872978562558615
230,3.628795764587693
231,2.4789677707014164
232,-2.1895864107934244
233,-3.8101603124559347
234,-0.16380896649828003
235,-3.2733006768618225
236,-7.950362998891464
237,0.43501412537588635
238,-6.058920389474423
239,9.99250181396674
240,4.207164088039278
241,6.717869028587373
242,1.2066421251833646
243,-2.7821844281608747
244,-1.8826204348478939
245,1.947509435742191
246,-3.185947576577803
247,5.065320297778015
248,2.8262181217091467
249,-0.3289810675499467
250,-13.267497191135263
251,-3.277016839584462
252,-2.136328996746272
253,2.7792207802134357
254,1.0974744146286213
255,10.197004738061068
256,1.978108444496982
257,0.6105153352453954
258,-1.2852468411749811
259,0.5515777100006289
260,0.10997206798528225
261,-3.3029237143357904
262,-4.156361060381499
263,-5.031802635588718
264,-1.8167306813008963
265,1.6931935064637855
266,4.698115789443833
267,0.4344297783290614
268,1.6345839228652608
269,3.0786685556809346
270,-0.6431652545330309
271,4.327252143873238
272,0.37257356431250344
273,1.2844948536850893
274,-4.34535512644571
275,-7.399460151766007
276,-12.423646831098694
277,-0.017750743672550584
278,8.21645486651191
279,9.842017034209277
280,2.078750050470873
281,-5.204681762472248
282,5.876739108617215
283,5.0491646994205865
284,0.4169668771968702
285,-1.1316500340642506
286,-3.194026679953623
287,-5.157794980132778
288,-1.112059882058901
289,-1.9920562904129042
290,3.2885108619081933
291,-6.699486615603888
292,1.9823343117137995
293,-1.2278223764345881
294,2.104890883116397
295,-0.8285818799937772
296,5.601658584721534
297,-1.7358558120097882
298,-1.5370570554986358
299,0.2147876548094274
300,-3.264164921275139
301,8.49437147529953
302,1.70493743127291
303,0.842588424623969
304,0.9623120332775272
305,-2.2702451422944705
306,-4.425004438186576
307,-1.2849977905450913
308,-3.901196901534675
309,4.027330328995049
310,-2.619319564239092
311,-0.8488604985970909
312,-1.90873132878653
313,2.489454705617362
314,1.162190802181101
315,-1.701498316963793
316,3.092872714911536
317,4.100016188694681
318,3.919482220270197
319,3.7788744700556265
320,-1.7432116643440594
321,-0.3137153779848205
322,-6.617644631921138
323,-3.035819372763086
324,-14.643973135110457
325,4.164031111481293
326,1.0079585541890879
327,1.8741356627750463
328,2.4689792790818785
329,4.769676813101043
330,6.908219646258388
331,2.603606366946991
332,-3.697118479083045
333,8.471402457473232
334,-1.1010178572375224
335,-3.4127308188668195
336,-5.920894224732081
337,0.12565276299801553
338,-3.636146404169665
339,-3.3637706002392918
340,0.41868209504640674
341,-7.573143884966157
342,-1.9301423803314464
343,1.462591960958946
344,7.653837417906843
345,4.937599121976817
346,13.523627106717
347,-1.1313140100575367
348,-8.848809589630449
349,5.631803245050548
350,-6.439575331177139
351,-4.87304720146922
352,-2.1255332466267305
353,-4.235615479656957
354,1.5168724187431906
355,-6.202486425192873
356,-1.090620636044548
357,4.252611769169619
358,6.323086579843874
359,6.722722316151589
360,4.639682922111007
361,5.040796110544818
362,-1.3890086217183324
363,-1.7374945587940545
364,2.45584934848695
365,-5.017817985350405
366,-10.184598694127999
367,-15.983548928079998
368,2.739203991875357
369,-7.450752964212569
370,10.969558255435729
371,7.863882776547911
372,19.680767367852837
373,-3.0853697806710016
374,1.240823654059227
375,-4.662163034777507
376,0.34514281020534554
377,-2.1104752325200877
378,-9.189734730465005
379,-4.501377544734552
380,-2.0666528770452572
381,-5.476544130856695
382,-1.118259229187629
383,4.093965316394048
384,3.4277879846573853
385,10.449605963629395
386,7.251933494754823
387,0.9736958894504681
388,-0.9430944415940274
389,2.6154323492518188
390,-5.495386351539153
391,-3.3236758014149217
392,-8.900973080712035
393,-5.409932278788403
394,2.0610278074269672
395,-0.974690843146675
396,-3.803660105286525
397,3.008634742191063
398,7.212045238421894
399,9.608140073552931
400,0.10092004701368751
401,3.663051789137654
402,-0.0777135619235878
403,2.5154863013172815
404,-4.037036743155923
405,-7.477073917953845
406,-2.0530425247834074
407,-6.028174216760178
408,-3.8308044340649445
409,-0.7120551327824245
410,-0.6555603470598186
411,5.1354952706797405
412,5.807277759250212
413,7.2927927153406955
414,4.33453973824146
415,1.453537851483091
416,-1.7983913261766133
417,-2.144391961782219
418,-4.848145094401232
419,-2.3918994256847412
420,-5.795317371611674
421,-1.210474366270219
422,-3.68671296799387
423,-4.8902162508332765
424,-4.09687804734952
425,5.731434016759167
426,10.0781552567111
427,5.503707101105562
428,3.162229580851374
429,6.951521619840776
430,-0.39598019716083854
431,-3.6315077287799227
432,0.15937281846764506
433,2.6585533132945045
434,-3.222836564482961
435,-7.5869051538851835
436,-21.334298596348376
437,4.02235835517854
438,-1.4812518519266007
439,0.7045233632241406
440,17.44423798257705
441,15.43688816206236
442,-3.9576373924697776
443,-0.7050252861618418
444,1.3769794374960185
445,-2.529715483276277
446,-8.854702466458207
447,-4.357088111777287
448,-5.01365409778748
449,-3.875264326547338
450,5.00096414060971
451,4.864438381127002
452,-1.7210320759848656
453,-3.4742291120698354
454,6.524272789735477
455,2.083696257382101
456,2.6526131829918285
457,1.1720372668752361
458,5.415663094423024
459,1.3687725941973952
460,-5.517869985314036
461,2.8568734570000203
462,-2.444274515097206
463,-2.85522766375405
464,-10.966687882013403
465,-5.335031089415793
466,-0.07450403172791198
467,5.607577505955916
468,-0.4449845898215159
469,5.413489343788413
470,3.6063176429678094
471,-2.117478289434956
472,5.351746910705671
473,3.940839097249949
474,2.6724659828329607
475,-3.618887226091516
476,-3.6581766822895077
477,-1.7348091500737155
478,-2.413242085643674
479,-3.9083243789984436
480,-3.3325317448686036
481,-0.8838376312923373
482,-0.3672182470313743
483,4.482197437154255
484,4.643640826657105
485,0.9482106453818915
486,3.160663465972604
487,0.45083839172630746
488,0.9436566811721292
489,-1.1084912888756406
490,-1.9823086939121168
491,-1.675736832223123
492,0.3825283625578777
493,-4.186110147231972
494,-1.9879677196286138
495,0.4467338287898883
496,-5.052607221319789
497,1.286521718453443
498,3.8875107389196017
499,3.6124098019506476
500,3.388765003143945
501,-3.2053389335883082
502,4.318343237626252
503,-3.406969974819006
504,0.42721029086861506
505,2.367956305059252
506,4.8519539258950175
507,-1.8027571284327024
508,-1.8956446440264898
509,-4.400257619837234
510,-5.9106054895488285
511,-0.9201844973103164
512,-0.9885269939343857
513,0.523662878381046
514,-1.4044776398462915
515,5.950991030444328
516,-2.6917896804046677
517,4.534220080009902
518,6.696927758477173
519,-2.60841447472383
520,6.705544072091229
521,-2.4972355136020923
522,3.584892644561563
523,-8.208351714201058
524,-2.0945593546297943
525,0.13162385703434154
526,-6.551610732376872
527,0.4795709496298599
528,-3.3641366282282235
529,-2.0291165671330873
530,-0.44614167775682745
531,4.961115767849492
532,2.3329379245417385
533,4.576845095235711
534,3.290409402746107
535,0.5107821785570366
536,2.8109186848460297
537,0.774837072668106
538,-3.6891839157638344
539,-0.6847473808288669
540,-1.86505009523259
541,-4.250188550713617
542,-4.009477830491363
543,-0.41463333627369536
544,1.0286122158568816
545,-1.7616033356489993
546,2.8070729297514276
547,-0.31804177101419384
548,5.225748103952142
549,0.9938463380563576
550,1.7571250648566945
551,4.252441349488521
552,2.1993046652571024
553,-4.568990369484311
554,-0.739337591818682
555,-4.686699850241865
556,-1.3598924418895706
557,-1.4844720328001273
558,-0.5195403644003846
559,-2.1958071141602744
560,-0.13142406437560794
561,0.7406375946510195
562,4.210134816951864
563,6.57743830312144
564,3.522501332271972
565,3.231072715675637
566,-0.25727511316249263
567,-6.077705118425996
568,-2.4981001692492413
569,-1.7799070925442209
570,-3.111384025213553
571,-8.007356682467048
572,2.8265798949988152
573,-3.523329645018592
574,-0.8569008695871929
575,1.3384565679621403
576,5.678795381362363
577,8.502715591587815
578,-1.5994287201720567
579,-1.1029632998383505
580,-1.2651213340868708
581,-2.3621051459358995
582,3.642618299164326
583,6.613593885557478
584,0.6798948136341352
585,-1.6164020644683035
586,-3.952908650757024
587,-6.597890908595474
588,-4.633533349465196
589,0.20837726899222275
590,1.1982164435549976
591,-2.063090420565942
592,-0.2646609572545202
593,4.107654857885535
594,6.511627974155942
595,2.7936115051383297
596,1.605165915376503
597,2.96140485290546
598,-5.863279231800561
599,0.21343016145443983
600,-0.20344511114468844
601,2.3448610953761886
602,-9.373866235471851
603,-4.875405131112856
604,-1.2261828036648126
605,3.1612976505803516
606,0.7395092275836106
607,6.075860237030355
608,-1.6546354357436428
609,2.3059236157851615
610,1.6396602857192306
611,0.28625747554070813
612,-0.3415580064504127
613,-0.15576742082059525
614,0.10387723093030843
615,-0.6576847508124217
616,-1.5490525010676777
617,-1.5834043026988809
618,-0.013039758178010175
619,-2.856959623828672
620,5.759364148278522
621,-0.5835526513018152
622,-3.7154079791046115
623,-1.6146680798085526
624,2.305549364770542
625,-0.511294334686994
626,0.1310161303632782
627,0.23526667631429632
628,3.325799010540365
629,-2.6810027961851404
630,3.8621207448589843
631,-0.2406168898317418
632,-0.015650228770368813
633,-1.6243684225338342
634,-1.0521070831135546
635,-4.474524189652058
636,0.565892100842234
637,5.561210462235266
638,0.2486742416699883
639,-0.4235659203146156
640,1.3052514642992321
641,1.150856353860064
642,-5.715244316973767
643,-0.9849250154982343
644,2.0282403075798072
645,-0.23914987255503206
646,-1.348618136920436
647,8.154946553965715
648,-1.2388732642291558
649,-0.7543684955391967
650,-0.19414054716423834
651,-0.46046750285943006
652,-2.5096951456565364
653,-5.123416282360012
654,0.8662616565843706
655,0.47812859127262186
656,-4.134099392144009
657,1.6415725680774074
658,0.042023557916508025
659,4.771729901004065
660,3.203522741762498
661,0.8772607959377154
662,1.0634601887419706
663,-1.5267539145410467
664,0.4810183367406182
665,-3.2066071016443374
666,5.873106455300743
667,-2.305758326499003
668,0.644519432308158
669,-6.383777951130455
670,1.6307348729560402
671,2.8060291564722917
672,-4.356922490054501
673,-6.2900997921682915
674,5.500495135130734
675,-2.1071413611279723
676,1.453382069684352
677,4.506159475350543
678,-3.245918185018141
679,0.953869825296735
680,3.1546298146649434
681,5.755007178864247
682,2.0672890300109685
683,-5.9993813341692
684,4.211046171644838
685,1.861268833986415
686,-4.9119967179994575
687,-7.260796754146085
688,-4.4518559320773505
689,-8.423565490239469
690,2.1340106751747214
691,1.6345656883843418
692,5.054318399922991
693,5.951146903096259
694,5.428812182885395
695,4.174716679080802
696,-0.04876715282381383
697,1.8369551748258885
698,-1.3852612206728594
699,-2.0318103157988077
700,-2.7937411928020737
701,-3.9627908573504413
702,-5.739630601809125
703,-1.3821970272565665
704,0.4395205259608872
705,-1.8636076299177802
706,-2.7035461871667508
707,2.7345261822834885
708,6.393680373374352
709,2.577869286488749
710,4.035768177913511
711,2.534972758985532
712,0.23384080905512405
713,1.189029285885411
714,-2.200679902133132
715,-2.009264151729184
716,-8.38509490560196
717,0.004429491037214461
718,-0.39811266903258513
719,-1.3228534727983856
720,1.850787947680729
721,-2.429708158473332
722,3.858798524729707
723,-1.7525476135463407
724,2.5272510370863017
725,1.3534826900149994
726,3.2988168090568735
727,0.8166882107257294
728,2.163498078944812
729,1.980668436889701
730,1.3535128932270482
731,-3.7278164469042565
732,-4.563267561268233
733,-0.5750300623351876
734,-6.473046702342629
735,-0.503292653923495
736,1.3832363885425707
737,1.4682215481253849
738,-0.4990275130864177
739,-1.7090570330623933
740,3.2258580221635356
741,0.5321703457097016
742,1.456924752035576
743,2.781636304483044
744,4.216561427767402
745,3.354021362345904
746,1.496910111462313
747,-3.817407180385416
748,-3.6110211050398675
749,-4.063826468094646
750,-7.832966206409793
751,-2.4773241157119514
752,3.367424280251285
753,-5.7361398667728025
754,5.585813368416524
755,2.1952476802832877
756,6.145130561041611
757,2.8891775671860387
758,3.729362600184757
759,-1.8556863495800826
760,2.6483389770462225
761,-1.196827794723447
762,2.08586222202743
763,-3.863451112398181
764,-3.4429415293957817
765,-5.656382176917575
766,-0.6221640211362711
767,-2.3957038015874446
768,-2.01807494280591
769,1.6443727208663006
770,-1.3670364366715688
771,3.316927556567748
772,1.9548608672758832
773,2.1718551645973605
774,1.6495761937452045
775,2.0446693720462434
776,2.729794837121844
777,1.3506659125071252
778,-1.13397645614468
779,-0.15219523238690158
780,-1.598234729075557
781,-0.9490885328087728
782,-4.686977958615259
783,-0.2703901176374046
784,-4.409070963114502
785,2.1897535726275237
786,-4.010118537186202
787,3.43356003946424
788,-2.606797360446322
789,4.024396162136227
790,-1.512160398453318
791,1.6646703028568908
792,9.871697584039083
793,3.7145657003201222
794,3.5853307269119767
795,-4.179990278103787
796,-4.587858620829024
797,-6.31837646702877
798,-8.527539466875837
799,-4.580267229152668
800,3.147172699922109
801,0.3617461050177013
802,8.078910233808301
803,1.9324199647864475
804,3.5856547001753682
805,5.180884549156119
806,0.9289707085567187
807,0.16310032123820406
808,2.644287162812219
809,-2.9913806741305535
810,-4.157733645131472
811,-10.387128441654085
812,-3.4036377180140533
813,0.022684105171208557
814,2.1262778497407453
815,1.5995689037511056
816,4.692361410721503
817,-0.3608746453247704
818,7.834586501244189
819,0.3804104331420035
820,-0.47500328762423294
821,-2.1233261264335823
822,-2.8903836454296368
823,2.5987851229298684
824,-2.05735522206146
825,-7.4914672727304605
826,0.5072073811546005
827,-0.16459522056854325
828,3.7279601803951863
829,0.751847058607467
830,-0.3514390004912826
831,-4.442349752655986
832,4.745609761300386
833,-6.281722418255498
834,8.440295053233626
835,5.370769126482344
836,-3.493550963322349
837,3.4942265824010548
838,-1.9968606592168072
839,-5.360981213209172
840,-1.0329869829962774
841,0.8667560660321243
842,-1.3419440986825037
843,-4.218237368050296
844,1.9563950959488494
845,2.5796790217165153
846,0.038733770145910285
847,0.5030774370665938
848,0.20681766615697939
849,2.99516258479872
850,-3.5622674845361217
851,4.815116142356047
852,-3.710051811442497
853,4.323960887960766
854,0.8274806012138924
855,-3.256558176105557
856,-0.19076493742642242
857,-2.7594597461275328
858,-3.1737490562268817
859,-1.9453961867290275
860,6.346482024041293
861,-2.8868371133122537
862,2.212128659482161
863,-1.3832617857036382
864,1.2971904647991153
865,-1.3992814290807587
866,0.949851589494827
867,5.051395002097351
868,1.1866451266353266
869,-2.75896384714747
870,1.133500047887722
871,0.5852857851276383
872,-1.291453565350949
873,1.259265979869852
874,-6.431363050462721
875,-1.4601621075671716
876,3.425284148276191
877,-2.0005017060032344
878,-1.5106698023944602
879,-0.4088768666939302
880,0.44034320041699004
881,3.041301524209601
882,2.1174251397262225
883,-2.1670560063215873
884,3.5255146173930427
885,0.12765448914203148
886,-4.110807698638737
887,1.70225501176823
888,0.36335466812852246
889,0.7919269878246524
890,1.7472150690668542
891,4.455029295229949
892,-4.17693585181118
893,-1.6859865269254897
894,-3.1924249803913654
895,1.179223593746542
896,-1.6990892176340822
897,-5.7034198675797825
898,-0.9698186904320067
899,3.296046350383534
900,0.43002143120646963
901,4.544267340186181
902,1.1548763813171234
903,3.192350633880295
904,2.3725684513436676
905,1.3291125727181452
906,-4.3126375922191755
907,-0.8472895164887007
908,-0.629453719585257
909,-0.4749796283687573
910,-0.17316816010057323
911,-4.057149343203761
912,0.9155851467088922
913,-1.7154264308847758
914,-3.25214480906709
915,4.103072717624926
916,-0.8193887955024621
917,-0.6076580167018619
918,4.862264842212312
919,0.1760683704582533
920,0.7441135020958001
921,-1.7332546347855526
922,4.109232789242242
923,1.7501765475884241
924,0.2181405904048006
925,-5.284182546983288
926,2.722269484481984
927,0.5151670687028513
928,-2.589286773760648
929,-3.238793493118351
930,-3.59641375313403
931,0.008079120972780629
932,-1.7197400719052496
933,1.2189202672141732
934,0.8186196996775834
935,4.178905422734729
936,-0.15552010046397413
937,1.5725394489878681
938,2.709094722447432
939,-5.454159530471671
940,1.7105892149287172
941,0.06377888640710694
942,3.0788534070203752
943,2.9444595372365967
944,0.19735074078775483
945,0.595548511727614
946,-0.4917414591151754
947,1.1327214556217058
948,-5.684502144978296
949,-2.7950619369592857
950,-3.725072343628071
951,2.2406719930664565
952,-3.1156948477657096
953,-0.4405771317682934
954,0.8126386507880881
955,1.0063301552393682
956,-3.245936188725125
957,6.789018082817904
958,5.316976160045101
959,2.196916438010291
960,1.1208852013983517
961,-0.24259982511691192
962,0.31113981088473963
963,2.09342434041271
964,-3.2431621555945185
965,-5.000484391577885
966,-1.4829299230777906
967,-12.415668110343901
968,2.564522567811764
969,0.236504490644748
970,-4.378316434606333
971,7.121219165473846
972,4.08377860251619
973,2.387487062667958
974,4.58381254777909
975,3.5760121072480615
976,2.2489713373926605
977,-0.4320964454335723
978,-1.1518436782971975
979,-1.1686816362130514
980,-6.297101578840554
981,0.7789094826867711
982,-8.802407300739759
983,2.0360302047121337
984,1.2222403812261575
985,-0.28880886250132676
986,-1.761279453643354
987,0.579958123266735
988,6.011758663908381
989,-0.823183011666444
990,0.7786173336905478
991,-0.24050841465019346
992,-1.1478788830766433
993,2.2756137339258657
994,-2.2135800090335067
995,2.8438316712330476
996,-2.8057578032916126
997,1.3056914863288824
998,-3.596052287970849
999,3.3640547432119092
1000,0.3468883292869833
1001,-0.044536227233507475
1002,1.2697586710358024
1003,1.638962463298867
1004,-1.221016370550231
1005,-2.4303319747079684
1006,-2.073957531225716
1007,-1.4763917553408987
1008,-0.4925171988305692
1009,1.7808699244706077
1010,0.8411608067044369
1011,3.5250618192270196
1012,-1.6288829945438437
1013,-2.9097882600589458
1014,1.3596075636066018
1015,3.538149076779149
1016,-1.8626635469505288
1017,-1.2294401947739573
1018,-0.8117076191852703
1019,0.8356070213894071
1020,0.30622444231674706
1021,4.438602682783284
1022,-2.685041913752997
1023,0.49899499397301383
1024,-3.587020459612475
1025,5.065866507708236
1026,-3.354111125054189
1027,-1.4552371693727366
1028,1.2340991606213976
1029,-0.9397405371174443
1030,1.0172478397577578
1031,-1.2487475628151685
1032,1.6775875630624455
1033,-1.1360842980849526
1034,-0.7688840011524718
1035,-0.3242253431757547
1036,2.0640564013658462
1037,-0.5600649998228704
1038,2.100512003344676
1039,-8.626917783531098
1040,4.030338485426199
1041,-0.735419929088934
1042,2.3901953151022894
1043,3.9220022967814288
1044,4.3999658966478705
1045,1.3057476372595147
1046,-0.6974239394679813
1047,-1.552815802865993
1048,-4.992092096856382
1049,-4.2819086487411795
1050,-1.5788073296699423
1051,1.3850275702757386
1052,-2.680677559777564
1053,1.9671138960550536
1054,-2.4154506750964373
1055,3.897186871247797
1056,0.38712475517851885
1057,3.0817097070774366
1058,0.7700930614311972
1059,1.042475517984002
1060,4.418132684131592
1061,-2.4784196911534195
1062,-2.3498501409611094
1063,-2.134266307608499
1064,-1.5786014296795656
1065,-3.066506008284847
1066,5.875331377609982
1067,-1.2871606561440103
1068,1.284419548570483
1069,-5.348162871084426
1070,-4.64046858408922
1071,2.1881302078000147
1072,3.462659766699943
1073,4.344515763250072
1074,-3.3224254372244815
1075,1.548166177753842
1076,6.1373374702912145
1077,-0.30592338634001237
1078,-0.19492698865323632
1079,-2.9908853691764534
1080,0.9101799739842562
1081,-2.996054038336979
1082,-1.2717112664618782
1083,-1.059578518694039
1084,-4.311380119414849
1085,1.18561514646359
1086,0.5160436961870545
1087,8.417178844155771
1088,-4.7961303411387775
1089,-2.422869506482769
1090,2.8064683147192255
1091,3.6828007879079507
1092,-9.559853341167909
1093,5.001799434596876
1094,1.0445630732670566
1095,2.8571579953799073
1096,2.8050377807334854
1097,-2.401910173660667
1098,0.9948592348880538
1099,1.7658492980311848
1100,-0.30138676282520294
1101,-4.956393835184002
1102,2.0442408086361183
1103,0.08716051967098792
1104,-0.7729703425928562
1105,-4.378051456249253
1106,3.3130209235127666
1107,-6.252809091292178
1108,-0.020429863866894493
1109,1.614344364621843
1110,3.5368777020208597
1111,-5.224918303490256
1112,3.7841310377357615
1113,5.339555304363543
1114,-1.3218589774540277
1115,-2.199423228522164
1116,2.1158878085302604
1117,-1.0263323385513843
1118,-0.009129711226179893
1119,0.6159484290033106
1120,2.0236872007219944
1121,-1.6140718300732004
1122,0.04076316055454754
1123,-1.3618236525978062
1124,3.285467460494374
1125,-6.587941536682067
1126,-0.7496185741716346
1127,-1.1107695448796449
1128,-0.0024983207913464867
1129,4.080030752964163
1130,-0.011225302387785518
1131,2.7697057607311137
1132,0.896746411984779
1133,-3.8002973595932446
1134,4.1217377017870405
1135,-4.732664483792107
1136,0.4909578632921665
1137,1.8254106876320293
1138,0.942861505911651
1139,-2.2379574697848597
1140,-1.912224692034414
1141,-1.8448358225268464
1142,2.4626689589396307
1143,0.33224757574710395
1144,2.197123537812786
1145,1.6767271785912072
1146,-1.3108090299097768
1147,0.4799734811778791
1148,-1.784777695004621
1149,-0.5699565567399247
1150,0.28453871532057917
1151,2.0584020208508207
1152,-3.629178465183159
1153,-5.322705461473177
1154,2.558944521600168
1155,2.6025750047258214
1156,4.521428333169183
1157,-1.727432922750495
1158,1.3140152031331098
1159,1.2704097644195684
1160,-2.5162820238484613
1161,3.9356703620970706
1162,-4.338357189388901
1163,-0.778488724755448
1164,2.2422974155005875
1165,-1.3036606204669994
1166,0.4728232178111398
1167,-2.996966943776556
1168,-0.7865050692737583
1169,2.675332905413484
1170,-3.476453942498111
1171,0.11439238191854884
1172,0.6773195421164928
1173,4.541695065591483
1174,2.332832244003839
1175,-3.103097385672541
1176,-1.2747571201459351
1177,2.317291079022766
1178,-1.3637483283232967
1179,-2.659210535546805
1180,5.376704879115167
1181,-1.5929314233679577
1182,-1.7394378689772907
1183,-1.0622905879194349
1184,-2.924189903823944
1185,0.6003060379672007
1186,2.8398738434804613
1187,-1.3471317205767974
1188,0.13302081231725538
1189,0.8297400997033435
1190,4.822048664555751
1191,-6.237932017072978
1192,1.037494023417807
1193,-1.8219987946691703
1194,0.2948948174157522
1195,0.49015500018407465
1196,1.2986875383997756
1197,2.3276412656977925
1198,4.563430694575828
1199,-0.1738038949246885
1200,-1.5297715579483508
1201,-0.6591892414414815
1202,-0.5290801060100279
1203,-1.453826781363631
1204,-0.4953100036132838
1205,-2.6958617146156882
1206,-2.3210225910233504
1207,-7.745722089840683
1208,5.651328744964914
1209,-1.3447215246093691
1210,0.21772057318290194
1211,7.6834588263440935
1212,2.080094771367243
1213,-0.5388772381157168
1214,0.9258889317314072
1215,1.638001828828692
1216,0.8347432043101151
1217,0.06776592631952383
1218,-2.798425554620806
1219,-1.9693358979472606
1220,0.2857427580558891
1221,-1.6923630357268138
1222,-1.9595271102494962
1223,-0.09571481196471154
1224,-0.2654110851109124
1225,-3.7133952708616107
1226,6.8651532686779575
1227,1.8185526539443089
1228,3.4647769472883567
1229,-4.067975823038907
1230,0.33686014888030513
1231,-1.3217192360965555
1232,-0.19807458314699034
1233,-1.1662145940918975
1234,2.642491410038886
1235,-1.9678895290879126
1236,0.4342154860891725
1237,-1.5758819766013232
1238,2.678602173418412
1239,3.6056518823187957
1240,-5.663559374527878
1241,-2.0235331875618954
1242,1.2588940236502282
1243,-0.7691112539163498
1244,-2.003120854331385
1245,2.219398277571628
1246,-2.3022285169215735
1247,-0.7509957477587932
1248,4.48725916970092
1249,0.3153570769988363
1250,-0.32096408810616595
1251,2.539783811887318
1252,1.103428425855185
1253,2.6155716794743142
1254,-5.925563993417768
1255,1.1781707295984205
1256,-1.4097469810011347
1257,-0.6802696480142458
1258,-2.0310905063974047
1259,5.316190404481745
1260,1.7197694575421991
1261,-1.1249333624679565
1262,-2.1898827258097526
1263,2.015165084339131
1264,-5.481438519888101
1265,-1.785591733772165
1266,3.103987945225697
1267,1.1546481713501606
1268,-0.7383922241568115
1269,-1.9774754349823382
1270,2.376505143122955
1271,4.0942063478758115
1272,-2.849256246965311
1273,1.9259825337920944
1274,-4.304828667473771
1275,1.7680894445671669
1276,1.1903157213574076
1277,-2.8338097852617494
1278,-0.703915903474055
1279,2.7834286900583436
1280,1.828575889938591
1281,-3.31121962473928
1282,1.5137052651504064
1283,0.8359649139900966
1284,5.043949400608568
1285,-3.967000969151698
1286,-1.234144097692237
1287,-2.9702466555134492
1288,0.8757761131481345
1289,-5.892540052596587
1290,1.6281302209442146
1291,1.5596928638889693
1292,-0.34492089442657914
1293,4.463715973680593
1294,1.1896495933736588
1295,0.5430645512299748
1296,2.3530439652824953
1297,1.0779529604629374
1298,2.2164721980920774
1299,0.028378354389431593
1300,-1.6234629196887482
1301,-1.0110725651913697
1302,-3.0572318698993968
1303,-7.540311248689449
1304,-1.3757012945733038
1305,1.6048898299257246
1306,-1.125163333574875
1307,0.7814487275022657
1308,0.8990481225583835
1309,-0.4125825354110475
1310,3.7678375023429
1311,1.0211269364177298
1312,4.475078163791849
1313,2.972994409867397
1314,-2.529437584846278
1315,4.442808560260573
1316,-3.5331566220769446
1317,-0.8004023396444921
1318,1.0358091662582893
1319,-4.229145792657135
1320,-4.641064463686618
1321,-2.599946062086815
1322,-1.01589485783893
1323,1.483557642392995
1324,0.6626020679349409
1325,1.7134471916438372
1326,1.950942096127207
1327,-2.067419232279505
1328,3.7978356556225634
1329,0.9179168436634484
1330,0.999779025793913
1331,0.8072298662522996
1332,0.5094052460625846
1333,0.37737562951267023
1334,0.06572647193448233
1335,-1.1385594732572173
1336,-2.7687114027191626
1337,-1.68156187757954
1338,0.5943158194745735
1339,0.11377852119572651
1340,-1.3081563657541295
1341,0.7466860634419845
1342,-1.6706559464832083
1343,-1.54814272420694
1344,1.7292981362413542
1345,0.26797941815794957
1346,2.3270632838992924
1347,-0.39247779375500613
1348,0.48301727812314255
1349,-1.0013041906161817
1350,-2.415079372202868
1351,4.08219309912856
1352,0.30699664685005246
1353,2.232320396169257
1354,-3.2693105158453903
1355,-0.9353406431683595
1356,1.1466271886031336
1357,2.141217787473579
1358,-0.8854617059725314
1359,-3.170084331112875
1360,-0.039345628738345795
1361,1.066627430710355
1362,-1.1095723174904464
1363,1.7483872278664307
1364,1.6680206069879802
1365,-0.33908705739555955
1366,-0.7579340270639818
1367,2.7074294271386634
1368,-3.346858446318464
1369,-0.9244750055120221
1370,-1.0318324401127938
1371,-1.0462303405708155
1372,2.402247089223337
1373,-1.511353542956769
1374,0.6223911573528653
1375,2.000056408647424
1376,-1.7828102453427164
1377,5.104246544936075
1378,0.11346905268825935
1379,-3.2232321066519063
1380,1.2543172522694732
1381,-0.5781052521668641
1382,2.774455791914278
1383,-4.039729677516064
1384,-0.27824473871677924
1385,-0.6737004815452536
1386,0.5781163485403908
1387,-3.962973929237677
1388,-1.3906369802392788
1389,-0.04298625100022946
1390,5.042895048685281
1391,-0.6186294156103429
1392,1.7486400135432802
1393,-1.1472038939736535
1394,3.82735226035733
1395,1.4410120238273123
1396,0.4594977882224356
1397,1.901502226968958
1398,0.6122983235099753
1399,-3.5412653441579494
1400,-1.1071178386908969
1401,-3.2284600248029705
1402,-5.07545828697495
1403,-1.8090802358541112
1404,-3.1749831036277385
1405,1.995816376684303
1406,4.204509930254346
1407,-0.4277120841178146
1408,2.2143789495897437
1409,0.5173124286125983
1410,8.276266178908742
1411,2.695451297066427
1412,1.736398717366228
1413,-3.6978100477028306
1414,-4.013355520162804
1415,0.12749848769330185
1416,-1.6044003910704703
1417,-2.064041547366216
1418,-1.3297315538028016
1419,-2.1832663887550865
1420,-0.9214322252506832
1421,-3.363844290721971
1422,1.9619160899812726
1423,3.407608699616077
1424,2.8560019284178395
1425,2.0170281185555154
1426,0.7328605521041851
1427,0.7143950347424237
1428,-0.175373057706679
1429,1.0519559219825112
1430,0.6310484755208137
1431,-2.7755639933727707
1432,-1.3766651885063794
1433,-0.9259772417261729
1434,1.9154913999670242
1435,-6.076377750076915
1436,-6.111504462753274
1437,3.653557974515806
1438,-1.5424186107896674
1439,6.322903026080496
1440,-0.5463606854349337
1441,2.072254500439186
1442,0.5395532290666694
1443,-0.725435835860651
1444,0.9785232024680681
1445,3.886369691159814
1446,-1.3452836835751611
1447,2.8045157401099203
1448,-0.8759910904004045
1449,-4.817189198872526
1450,-2.6033459223951496
1451,1.6555669525838113
1452,-2.228538665650717
1453,0.5843058055046271
1454,-2.4357261952072804
1455,4.896190002566698
1456,-1.6674949416600384
1457,2.6013128806712302
1458,-0.4860096481236269
1459,0.8193539639999727
1460,-1.5538101225138519
1461,-0.5220646417105996
1462,1.6582689075265193
1463,-0.7820183018806119
1464,-2.275346091268645
1465,-4.250580180826503
1466,5.005516186023428
1467,2.990750110031982
1468,0.33906123981665814
1469,2.962810809365962
1470,-2.8393403657138236
1471,0.33480505269054106
1472,-0.7025975144618997
1473,-1.8679969458785024
1474,1.386730178314906
1475,0.14647856534226378
1476,-4.049808504752846
1477,-4.444928765732584
1478,0.48748221036439077
1479,0.6749759465639329
1480,4.012612761409116
1481,-0.7657012608516993
1482,2.377957641658554
1483,2.1184144381739998
1484,-1.089713175842121
1485,1.7527141205060843
1486,2.646860041063036
1487,0.7433916936986122
1488,0.9592934141879681
1489,1.239426729637259
1490,-7.1170538873395515
1491,-1.1081900056388605
1492,1.7606258972340072
1493,-0.6883661676310027
1494,-3.433449337322884
1495,-1.0187587053558644
1496,-3.6363094725965937
1497,1.3232890454119541
1498,-0.5192072387158788
1499,2.8297182636702587
1500,1.8706266675991259
1501,0.1498710740130349
1502,5.019282621132859
1503,1.0317812680371503
1504,-2.694957465571349
1505,0.5237658832686236
1506,1.735614409917929
1507,-2.4049915344097315
1508,0.16668296662246007
1509,-1.5617436884807034
1510,-0.4105989136780295
1511,-0.8459908129378562
1512,0.46905089269837674
1513,2.9589980471431545
1514,0.08233137368779353
1515,-3.045493971023731
1516,-5.6023414326079575
1517,-0.9118059427630527
1518,-0.22847869320632697
1519,1.4592697524924318
1520,2.481169463884669
1521,1.0820972361699148
1522,1.521828885161213
1523,2.9420104501970883
1524,5.084443040923176
1525,-2.9886049365071443
1526,-0.8866880023497714
1527,0.9887724263030577
1528,-1.6138131318072055
1529,-3.255547370316549
1530,0.716489079070243
1531,-3.380187585657495
1532,-2.7530314041240587
1533,3.460317796493541
1534,-1.1352392339317987
1535,-1.6942523531265152
1536,5.664792566630169
1537,-2.031046066771225
1538,2.7355092440376723
1539,2.066122869848229
1540,3.814445327944938
1541,-2.627762989508227
1542,-0.6314129193142719
1543,0.2816900496584793
1544,-2.6199630754027083
1545,-0.885764649390353
1546,-2.3404742718701783
1547,-3.0925089213231445
1548,2.750452845841707
1549,0.025646374580190923
1550,-1.7588715202353313
1551,0.7885613148762616
1552,-0.3005963579717701
1553,0.9634013202016547
1554,3.401794276531362
1555,-1.814049272094664
1556,3.8991979136336568
1557,-0.1362876728040021
1558,1.7425463301225648
1559,-1.4303199442127124
1560,-0.12677627467181196
1561,2.196046503392978
1562,-5.601366377251523
1563,-1.211542450132228
1564,1.5453129519232647
1565,-4.032105112769287
1566,-5.038676995578342
1567,2.689726269028043
1568,2.696437538292031
1569,3.102921206234612
1570,5.799864493541378
1571,-0.31396389790415924
1572,-1.1137797314466695
1573,-0.20541616615388136
1574,1.4055968225561486
1575,0.9857463699544695
1576,-2.4166074911094455
1577,0.19106555885656462
1578,-6.896271851456035
1579,-0.6539066119669457
1580,-0.8698404747518111
1581,1.6054787767585026
1582,-1.7183274057387052
1583,-0.4442081791980286
1584,2.2183902632522745
1585,-1.1611259575868473
1586,-0.3924872155810277
1587,4.160442826219992
1588,-3.8607693417286697
1589,3.534298792046698
1590,4.089644646572907
1591,0.8974907555585787
1592,3.7549215409525942
1593,1.2273015560837308
1594,-1.1795360522979763
1595,-0.37220782958533505
1596,0.053020792444883114
1597,-2.1339839894125987
1598,-1.1606785136325755
1599,-9.637694904291081
1600,-3.461342745528256
1601,-1.7228912728190835
1602,-0.8704470968675935
1603,3.0735213375164108
1604,2.9002109623067724
1605,0.8385547703954899
1606,3.572792614533739
1607,7.347799418717486
1608,0.07522574617844668
1609,0.9612739386794829
1610,-4.23242382110368
1611,3.5776619814208033
1612,-1.562590787621204
1613,-1.0861420781610036
1614,-0.8236806112004729
1615,-2.721124817932946
1616,-2.622277229485718
1617,-2.595147232385372
1618,2.728107944965018
1619,-4.355098757676473
1620,-2.7471516915862253
1621,1.807081999783918
1622,1.5374148911521814
1623,2.2420025686320315
1624,3.5844869538472324
1625,2.4998539139501332
1626,1.2095751299665949
1627,-0.6139508589879625
1628,4.725254190123692
1629,-2.3057261101806716
1630,1.4118378484520093
1631,-4.6474276856572345
1632,-1.063529394731944
1633,-1.5771943273668683
1634,-2.369725348246277
1635,-1.1702380514140032
1636,0.9332900138957143
1637,-2.365035462760787
1638,0.8880780124966776
1639,-2.495569510308968
1640,2.909814458294761
1641,1.831491399522804
1642,0.7687664197307384
1643,2.5152242919118777
1644,-0.8035176650889753
1645,-1.403099497542371
1646,4.047567250544546
1647,1.5052243330417667
1648,0.6281052935762546
1649,-3.7549748948641763
1650,1.5475361429793821
1651,-3.4322274941799833
1652,3.011393098813471
1653,-0.9937982387355646
1654,0.058787509228793056
1655,-1.7433732187464983
1656,-3.1442774105610596
1657,-2.445762714361095
1658,-0.6720763776263681
1659,0.6452028243628973
1660,3.9716307065220064
1661,0.9765603465626072
1662,2.8694919742722504
1663,-0.05496376796973834
1664,1.5384700592966567
1665,-0.3408469342709566
1666,-1.475691532725591
1667,-0.8023489868189557
1668,2.8622170496997086
1669,-0.9947045753033734
1670,-2.9692836322960403
1671,5.768661281259256
1672,-4.9843250903437735
1673,1.4448713491025416
1674,-4.054821691682463
1675,-3.4957556529237195
1676,-2.1297460180294223
1677,0.2890236854935466
1678,3.8357775112453396
1679,-1.6631559303660879
1680,1.900859661910033
1681,2.0036319120279558
1682,4.979286793172378
1683,-0.020160337124025318
1684,4.175860929801175
1685,-3.086946183370827
1686,1.1147434636789768
1687,-4.335118381791929
1688,1.7125487413816245
1689,0.5192478425277187
1690,-1.4539296905176826
1691,-2.339378339608288
1692,-3.0131850513656104
1693,-2.15058676955195
1694,-1.7624344001670238
1695,-1.6769991663012007
1696,1.3557323438024724
1697,7.286946107191028
1698,-0.871670611158109
1699,0.9764166817805489
1700,3.059306569887383
1701,3.611423370549474
1702,-0.980251202521984
1703,-0.25084141630445345
1704,-1.8514819785758334
1705,-2.8208767292433095
1706,-2.317948119918853
1707,-0.49088959916076647
1708,-3.1886394742138577
1709,-0.46738533693398665
1710,4.079857907251423
1711,-5.928162845530849
1712,4.5005903827961475
1713,-2.809637267932615
1714,6.593638340409413
1715,4.148608024595276
1716,0.19248968606383698
1717,-2.2002525455794455
1718,2.5485634662705934
1719,1.902990902616878
1720,-2.737340574278278
1721,-1.8814447968153019
1722,0.25897783578628264
1723,-3.764942148181021
1724,-2.1679642597016766
1725,-1.4578122318987994
1726,0.8131513172569527
1727,-1.2070342984628155
1728,-0.11876298997890444
1729,1.151639927659076
1730,0.7241473777754948
1731,-0.5524296305959382
1732,2.6979878049531862
1733,1.1633235429184055
1734,0.4789122919887632
1735,-3.10627882104977
1736,4.961990794514662
1737,3.632833140982484
1738,-1.5546402097324972
1739,-0.2664818813926786
1740,-0.5299302805272674
1741,1.7258871791415231
1742,-4.090321356704109
1743,-4.746352211324478
1744,-1.2044544860638666
1745,-1.7474399919571368
1746,-1.9126168057610045
1747,3.084080441459207
1748,6.322334699560869
1749,-3.484429842654876
1750,0.2728239512418895
1751,2.0812747049575364
1752,2.1510338685677226
1753,-1.8286234189492205
1754,3.1220507655576313
1755,-0.6577988778825414
1756,-2.5929811711393995
1757,-1.1487497174987027
1758,0.46554760645092585
1759,-0.6652945190743367
1760,2.017910408098601
1761,-3.514346655114693
1762,3.045953753304019
1763,0.6767693764582674
1764,-2.3885405485248157
1765,0.4538211747794776
1766,1.6797325968211823
1767,-3.2230598725297313
1768,1.9419341905086043
1769,-2.424047940137143
1770,1.9038791818750838
1771,2.5175560881160663
1772,-3.106017825791625
1773,4.179949349117948
1774,-1.0315728016263819
1775,0.7964174687422769
1776,-2.425535237040336
1777,-2.3224649331170184
1778,2.9916048106646684
1779,-2.002275185645999
1780,1.862169549665822
1781,-1.3381172517056399
1782,1.7488443792355497
1783,-4.468874158468836
1784,2.8139104091601297
1785,-0.30546093400448626
1786,3.463060440955445
1787,-1.7010277392430453
1788,-0.5370683766867899
1789,2.4577501602401526
1790,-2.6183750074692824
1791,-0.41776004044918125
1792,-2.6725695068056012
1793,-2.830139969779765
1794,-1.833945187951059
1795,3.9585362124283563
1796,1.8954284140842077
1797,-0.3368571556206206
1798,4.73685078286114
1799,2.7228033232949826
1800,-1.0792664229356888
1801,1.7850385455727746
1802,-0.3473413665333851
1803,-3.811756786674394
1804,2.2979103564056373
1805,-3.5058686137934387
1806,-8.387672546721817
1807,2.085501706555675
1808,0.22212346619039636
1809,5.137327720080478
1810,-3.4649229682268157
1811,1.6723158120503
1812,-2.1840903139885484
1813,2.6967483116311115
1814,3.268864857161333
1815,-3.4200496027050775
1816,2.735733607138144
1817,2.1731886356961923
1818,-1.0005974115176741
1819,0.9617661863875782
1820,-3.78775161406881
1821,3.1831644637519076
1822,-1.6655940678651007
1823,1.9352246342934905
1824,-1.9177190031352183
1825,-2.7680722744348003
1826,1.8828920398102156
1827,-0.10397265332619554
1828,-0.014006915399875197
1829,-2.097098203189603
1830,1.1659039613211348
1831,1.0073502220017332
1832,-2.2478263042271465
1833,2.1630847449358725
1834,-1.0712298963921256
1835,-2.6429450454045025
1836,0.9970504121402115
1837,4.30688413631529
1838,0.8835615378419561
1839,1.9385886359753783
1840,-3.6751802983654187
1841,0.6840630656737829
1842,0.9861289163943638
1843,-2.8932482733028593
1844,-1.917001023988675
1845,4.380115425220836
1846,-1.5294535331921963
1847,-4.299151210364144
1848,1.1956707046102082
1849,-0.5534665474936418
1850,-0.37228554059900887
1851,4.162508748690911
1852,-4.005390603640535
1853,2.0104578981321026
1854,2.179400797077534
1855,1.488131645747373
1856,0.9222133296038209
1857,-0.4002405889632854
1858,0.5704466123633409
1859,-0.9540868983170441
1860,-8.046681672279561
1861,3.146390885586328
1862,1.087115968586545
1863,0.012366736921876509
1864,1.0257479167611763
1865,1.799728262146985
1866,-0.5276746083023482
1867,0.4165258151576978
1868,-3.2812758213387667
1869,0.7162864104299587
1870,-1.036266760781288
1871,-1.077034386753141
1872,2.399651666627065
1873,-1.2404295747175809
1874,0.7753052013592594
1875,-0.024563356261069202
1876,1.3609174696760533
1877,1.657993387572489
1878,-1.0354906459069326
1879,2.646190242706851
1880,-1.4946216380151185
1881,2.2584870950253872
1882,-1.7344699613197463
1883,-0.9304909075003422
1884,-1.4752609985914944
1885,-1.2450575783017257
1886,-0.0820752869168615
1887,1.4953623729671506
1888,-1.0892200151336056
1889,-2.856966075207808
1890,1.3653368023666133
1891,7.179158556045181
1892,-6.094357788123816
1893,-0.44942827839351196
1894,3.0108855052786794
1895,-0.5047550362042443
1896,-0.38355220890883857
1897,0.4478401339838882
1898,4.930731641240158
1899,-1.0462486227133212
1900,-2.324046527313044
1901,0.6020252031491964
1902,-2.5156226550789142
1903,-3.6017606280542083
1904,-1.2335403463790584
1905,-1.7193644330157838
1906,1.901443625985408
1907,-0.23293739006834357
1908,-0.03476648204625121
1909,0.997890755861988
1910,0.33442072845950577
1911,7.293860395769116
1912,-1.3682288573831585
1913,0.1147688713996331
1914,-1.4522686141362584
1915,2.173621681645301
1916,0.6157422048252101
1917,-4.140436330703892
1918,2.0339228101927347
1919,-0.9000312663424239
1920,2.975500671026225
1921,-1.3469349142279725
1922,-3.882405735571197
1923,-0.29371298241051136
1924,1.9621221889667595
1925,-6.217481511307142
1926,-0.748200678092644
1927,3.2872120533664884
1928,-0.6153442631515418
1929,3.6295748076337304
1930,-1.9809603722475941
1931,2.7625473009123596
1932,-0.530023501935645
1933,2.2170183325757336
1934,-1.7230519931274415
1935,3.1793996674062157
1936,-1.0507707298219202
1937,-1.5098303590705484
1938,4.023738281395254
1939,-3.7591115742577728
1940,-2.8588825945535064
1941,-0.9923926579376712
1942,3.1762661509219043
1943,-4.250569397496392
1944,-0.012865331469072316
1945,-1.8601515316768058
1946,0.5830889267164991
1947,2.742910178927289
1948,0.48853822980241546
1949,-0.308721483785078
1950,1.8965957058338034
1951,1.5012071455098948
1952,4.487984551898407
1953,4.185015920148032
1954,-5.916106137127727
1955,1.3400600007370258
1956,-6.9705731438812535
1957,0.2965817386922396
1958,-2.200365457193925
1959,-1.5891853428644396
1960,-0.22868961883411032
1961,0.3204156148283488
1962,-0.6472896850730763
1963,0.08950618764083629
1964,3.5227467243368267
1965,-1.9557744460189213
1966,4.356674218698473
1967,0.00116936163901471
1968,0.30063986226303996
1969,4.293210324066422
1970,-0.9185733467476922
1971,1.8784717688380823
1972,-4.729808650694537
1973,0.062418799430844274
1974,-0.46163263023063905
1975,-0.7967482587268222
1976,0.4023248719496735
1977,-2.3677201170758764
1978,-0.26165059425643733
1979,1.7503896323239871
1980,-4.397904644646417
1981,2.3672829919596694
1982,0.9301137035339195
1983,2.4900130964980036
1984,-0.4220844051802999
1985,3.642472942504355
1986,-2.98159670171772
1987,0.35249301058996707
1988,-1.1521451468621535
1989,-0.4101721437310175
1990,0.2686316390524155
1991,-3.23152364309243
1992,0.12276528060210978
1993,1.4480941212280953
1994,-0.5439787149995681
1995,-0.7228406476225899
1996,0.9579667875560745
1997,0.7705329817530355
1998,0.10191771485131085
1999,2.9275072650292486
2000,-2.563222263885933
2001,2.4371045786372605
2002,0.09513336216987511
2003,-1.4704359510927105
2004,-2.891380830899152
2005,3.19696346918586
2006,-2.52116469370236
2007,3.432214418313137
2008,-2.3386391840883647
2009,0.8510344683380282
2010,-3.34093002374577
2011,2.285460462279076
2012,-3.124129076700399
2013,3.569446507700661
2014,1.9177163530694656
2015,1.358698059628054
2016,-0.6633604958653905
2017,-0.9352809877865411
2018,0.40310522564466567
2019,2.870767368880479
2020,-2.490338190348922
2021,-2.8808718164405036
2022,-4.153730815472571
2023,0.17396612372220943
2024,0.17914722176006137
2025,2.528595828039414
2026,-0.7187163126659044
2027,0.4273645594048219
2028,-0.46538176412776977
2029,4.215667087262176
2030,2.258381281101805
2031,-3.421297579658102
2032,0.5718664955171135
2033,1.783377995300043
2034,-2.037897294761663
2035,-1.1969967398021453
2036,-0.05908010643557304
2037,0.8340727666727474
2038,-3.40660375939558
2039,0.8758905657220026
2040,-0.1860210593227265
2041,1.9002574196639443
2042,2.7749160381717957
2043,-4.833151503524562
2044,0.9367300453040031
2045,0.0994328218246352
2046,2.3549488882670886
2047,-0.5782515740215928
2048,1.0631472617022837
2049,3.1982641008805217
2050,-1.292486210704908
2051,-4.5470890056960656
2052,-1.5455685496227574
2053,-2.528031813436627
2054,-0.4860349301657294
2055,1.4716833408403716
2056,4.961629942723022
2057,-3.781730752004407
2058,6.308127951685606
2059,-2.009913581513331
2060,2.316449195001553
2061,2.8446274746337394
2062,-2.0784058865309447
2063,2.6884951249367077
2064,-3.890293318961554
2065,2.218210378909788
2066,-5.014011408295957
2067,-3.0585722991101107
2068,0.07479940596276435
2069,-1.7768642717459642
2070,-0.4421739165437657
2071,0.9618972534871375
2072,-1.7206420595891672
2073,2.140681043792185
2074,-0.5135526082396638
2075,1.0946275376938814
2076,2.9086532510891345
2077,1.5687988919696352
2078,1.478507512622926
2079,1.595393701428975
2080,0.9573394559300539
2081,-1.1094010218422028
2082,0.3825021381037459
2083,2.2492688717436096
2084,-4.689457163455813
2085,-1.8001845984476148
2086,-4.4959175414848715
2087,-0.38615128587521497
2088,-0.49871180878852783
2089,1.0877079694871412
2090,-0.5148276685515469
2091,-0.7071269743883022
2092,1.5575662943124087
2093,3.5185294481489393
2094,0.06961433942461781
2095,0.9954805761388172
2096,1.661568579758864
2097,0.3562033500998041
2098,-2.5467483016125954
2099,3.5095549138457045
2100,-3.2053064727232368
2101,1.1587465812854845
2102,2.0648412177967685
2103,-3.590947598646949
2104,-1.627656693501308
2105,0.44471250376945193
2106,-0.4697591892087871
2107,-3.38322824395766
2108,0.1033889862826527
2109,-1.4355601971844294
2110,1.4085905751498586
2111,0.3299313493734388
2112,1.3559476102639394
2113,-2.4831794040587454
2114,4.319627630214555
2115,4.529162284685185
2116,1.3705439737524614
2117,0.8632556139702956
2118,-1.0276826750781538
2119,-0.9123604243486625
2120,-1.1378431813727303
2121,-2.3119019093819873
2122,1.5716981313102565
2123,-6.588885382837688
2124,0.7430146654323693
2125,1.4043833765729374
2126,-1.110056831577083
2127,-3.0761623276778494
2128,3.5472666683944993
2129,1.1259245946440473
2130,2.469118180023088
2131,3.813683481236737
2132,-4.223022030887137
2133,3.231585368176127
2134,-1.7212393645414323
2135,0.9314545935680769
2136,-0.5585898283831057
2137,-0.4365904012398687
2138,-0.9376817103741075
2139,-0.03044542888122237
2140,-2.847818637264936
2141,1.7838909600879873
2142,-3.170803372385052
2143,1.3205158611384888
2144,-1.3278133949648918
2145,3.6535204180863587
2146,-4.5221306254585585
2147,3.3974205813523497
2148,-3.258034494466642
2149,2.140177314655972
2150,3.0949909387698824
2151,-0.2227757406695332
2152,1.5541518764717352
2153,0.5436908030260383
2154,-1.4688866022744804
2155,2.488279366072547
2156,-0.182223763364604
2157,-1.2549447024703824
2158,-1.9411954422248243
2159,-3.923934701810907
2160,2.0708401063910173
2161,3.2755396392358165
2162,-7.390204337543551
2163,-0.2769025760791948
2164,0.57009677696594
2165,1.520605140746909
2166,-1.7125247796993222
2167,4.233170750980889
2168,0.16323815091770655
2169,0.5235823967699815
2170,3.381471754834891
2171,1.4603857939401905
2172,0.21979140256725316
2173,-0.759917322032166
2174,-1.5490999505696266
2175,-4.711395173960284
2176,3.431314677973944
2177,2.133807788182864
2178,-0.7363133070970633
2179,-3.0430616471101075
2180,0.637384595476405
2181,-0.2571164135850381
2182,0.825559788350489
2183,-3.0634636455449566
2184,-1.9314170625738
2185,0.11676544602602235
2186,-0.7169601069215901
2187,-0.3398275742786865
2188,3.8689728790633353
2189,2.779599703230815
2190,1.0733780698177071
2191,-0.42093220617505267
2192,-0.38285553614747414
2193,3.1344634395596813
2194,-3.9719726445475487
2195,1.2762924757626877
2196,-1.2492260776513149
2197,0.8433799254095931
2198,-0.16320557772485245
2199,-4.917236355833552
2200,3.2841269496301493
2201,-0.022003927078429797
2202,-0.2170100093305365
2203,-2.2499229004916117
2204,1.8815428297286445
2205,0.7626714967067159
2206,-0.4385925715483836
2207,-0.5800975561298856
2208,-0.9000464381281148
2209,4.2120945360209845
2210,-0.8962385368553214
2211,-3.1886431316980577
2212,3.004079809494044
2213,-0.01411389281679476
2214,-2.9624569683589215
2215,2.9839599400246044
2216,-2.502966035705782
2217,-0.6582054953047987
2218,-0.17203510333045813
2219,3.4543297437642906
2220,0.7797746800431753
2221,-3.3225205517036898
2222,1.9319118108170983
2223,1.1366956926519123
2224,-1.2153659522427915
2225,-0.5690772016202601
2226,-1.1686397513489055
2227,-2.2314938779854003
2228,-1.3295409030415613
2229,2.7219959011518853
2230,0.975367043065333
2231,-0.7603928835082598
2232,1.4888072342876768
2233,2.1929303884187163
2234,-3.7796165726973214
2235,1.900927145004104
2236,1.2987679834800474
2237,-1.1796423018928834
2238,1.050665517812135
2239,3.2224755698711647
2240,-2.273989551860282
2241,-3.3267543610036086
2242,0.6345696957117326
2243,-1.1251720468512758
2244,3.4753823291652424
2245,-2.9509401972189266
2246,-2.261849625378048
2247,-0.019579104230430744
2248,3.0911878521313554
2249,0.7499852240280518
2250,1.6732892423135723
2251,-2.657806002975917
2252,-0.6367636559754573
2253,-0.3675415085985776
2254,1.2441212213810928
2255,0.9993320103949372
2256,0.37350538472144024
2257,2.1849929325254465
2258,-2.645807200242487
2259,0.0884508977310361
2260,-2.402311494204966
2261,0.571894408336064
2262,-0.21421390864959733
2263,0.7254073635525344
2264,0.436859577376282
2265,0.4095381347119371
2266,-2.0945550753620665
2267,1.2643799234802628
2268,-1.370691458162824
2269,4.038543928039047
2270,1.3644865304704865
2271,-2.8214921185816593
2272,0.8617167382714115
2273,2.2225253983895215
2274,-2.4708253926692976
2275,-3.057369658142406
2276,-0.4723935340015828
2277,-0.8625203352068525
2278,0.9761346171791558
2279,-1.1870039040664153
2280,-1.3428776332937105
2281,0.5403354335232677
2282,3.2501995053682435
2283,1.5512699119312856
2284,1.5326367213818202
2285,1.0974378222631884
2286,0.5398061155144944
2287,-5.5006679574607205
2288,5.073205262151319
2289,1.201277406615361
2290,-4.07606888737422
2291,1.4709558898177022
2292,-2.0239328674995676
2293,1.5799736216239495
2294,-2.8081938385590206
2295,0.8051472759698299
2296,-3.436957070876616
2297,1.6989239529716968
2298,-0.415314288255189
2299,-1.6031096133640688
2300,0.44022207499796195
2301,0.14470019415772128
2302,2.9304973062733097
2303,3.819209896572289
2304,-0.7606530302810199
2305,2.2053386330353817
2306,-2.5798920094223092
2307,3.6705763054093694
2308,-4.178615018233515
2309,0.5420650929506792
2310,-1.693749062770081
2311,-0.26793131194438047
2312,-1.2882289837144043
2313,-0.12871494185162646
2314,-2.177803147553462
2315,-2.7682260781985804
2316,0.6449902364474269
2317,0.2017963596149457
2318,0.9966728481982159
2319,4.540286191848281
2320,0.1356477886387637
2321,3.164889989862715
2322,-1.8071860048760726
2323,3.8874096283736463
2324,-2.0921023794666667
2325,4.03470249620041
2326,0.530587281329602
2327,-4.763256777753739
2328,-1.9633380779134058
2329,-0.6838124037702471
2330,-1.1143238802665678
2331,-1.304322040198599
2332,-4.438195593222176
2333,0.9944516066149589
2334,2.399760733281795
2335,-0.9788138286193089
2336,0.8116472738437324
2337,2.663578650482208
2338,-1.9266379571875518
2339,0.35682484628379996
2340,-0.032964999561954755
2341,2.8306659171467743
2342,0.743195137803383
2343,-0.16060658794934568
2344,0.9100894362391756
2345,0.2633499053084307
2346,2.0558569917130143
2347,-2.2513269107462435
2348,0.44682544672809854
2349,0.12420834711460316
2350,-1.6538366952394625
2351,-2.9893466414605
2352,0.18224985990873677
2353,-4.081657542996524
2354,-0.31909469180635597
2355,0.017478026003175273
2356,1.6686497526796842
2357,3.0803105656303416
2358,-1.3539756354495296
2359,3.9918963955481956
2360,0.25148183367662114
2361,4.965296860592616
2362,-1.4740334961736608
2363,0.2209422203089133
2364,-2.4996815234791114
2365,3.228399426999431
2366,0.7382062373042402
2367,1.5103284248546913
2368,-9.250336308305094
2369,-3.3998006284911355
2370,2.4680974336401107
2371,-4.2098130603362165
2372,-0.49486902351485185
2373,-0.042072282841601805
2374,-0.21749597948587507
2375,3.1048894574812493
2376,0.9656727536312246
2377,2.9804079659545266
2378,-1.2104257932822975
2379,3.0207714356693316
2380,4.850194276473843
2381,-4.231149716724602
2382,1.6150138593649217
2383,0.026167043616396768
2384,-0.4404968530440243
2385,1.412618310025337
2386,-5.644534620082496
2387,-4.0718117778825444
2388,-2.1548414325241225
2389,1.1944045164491257
2390,-0.2814582911690593
2391,1.8014284569136976
2392,1.3220188654160978
2393,-0.6074923313562266
2394,3.637689186185071
2395,2.2897055496770804
2396,-0.2816073556296885
2397,-0.4146990294662203
2398,2.52876014828189
2399,-0.8451930018812845
2400,-2.1054086142239044
2401,-0.321117396591319
2402,1.6374243863611895
2403,-3.901615830962399
2404,3.068428273143496
2405,-3.3211361669340818
2406,-0.19260795275056353
2407,-3.7478910074954825
2408,-0.707474181231845
2409,1.499594347394833
2410,0.34204056109463465
2411,2.5301463930953787
2412,-1.0745322764583278
2413,3.3961386668240294
2414,3.8629509623262663
2415,0.1674205221834768
2416,-1.3383907462485922
2417,1.1630898087523889
2418,-1.2750027789832075
2419,-1.8397679721667117
2420,-2.601307521166248
2421,-1.4264989084556277
2422,-1.3044552620124819
2423,-0.732274642196586
2424,-0.5018811423790055
2425,-0.857460973548271
2426,4.212789322822488
2427,-2.3922334217163126
2428,5.203615057225164
2429,-0.4965911395559033
2430,1.0510933079500404
2431,3.749354244779866
2432,-1.6175317566665086
2433,-3.840169893305003
2434,0.8868795212370912
2435,2.531037256795713
2436,0.5465260911878147
2437,-4.934610020600843
2438,1.2708216467272848
2439,-0.9387118855015615
2440,-3.350636214291015
2441,-0.3585029045000425
2442,3.1649866436065395
2443,0.7601412081972967
2444,-1.652407635416239
2445,-0.008502460812138679
2446,1.1700314507434513
2447,-0.3321193919866374
2448,1.6817720465185886
2449,0.9397305250714965
2450,-1.4177699256119496
2451,-2.2308710855269283
2452,7.656461154153561
2453,1.3467428523918983
2454,-0.16547455119837196
2455,-2.7618969337427615
2456,-2.1755403762246317
2457,-2.257012625580458
2458,-0.9822017815718453
2459,-2.855361091926028
2460,1.699258743664359
2461,-2.759179891108161
2462,1.4102616565676414
2463,-3.5496419291873025
2464,2.8458355597192906
2465,2.1002843476367588
2466,-1.4286373208365575
2467,2.813503730781221
2468,8.366267075889255
2469,0.4772260909827821
2470,-3.3113279506032427
2471,4.862865178450477
2472,-1.5490343244977396
2473,-0.28776647785764453
2474,-2.3650000684501293
2475,-2.9186352646819103
2476,-2.715119747603623
2477,-2.116081156676799
2478,-0.7634814198664515
2479,-6.688408961748223
2480,1.6870316410706323
2481,2.7370236768168326
2482,-3.5582687276562552
2483,3.757683437915574
2484,3.726964160757845
2485,0.8592286182388307
2486,0.6411087807667855
2487,7.079958174771676
2488,1.4340010546918194
2489,2.8684416080785695
2490,-2.5555820092529586
2491,-0.13617659533797166
2492,-0.8352685403541784
2493,-7.347717636920507
2494,-5.687078312947278
2495,-2.8033382803530316
2496,0.23671925528036297
2497,2.7442348653347324
2498,4.119694671060827
2499,-1.9846916763007698
2500,-0.34965303384366564
2501,2.068477658487609
2502,-0.7696076290394558
2503,7.158159283180154
2504,0.00960077620000277
2505,0.12872731761869716
2506,-1.40382289427302
2507,-1.8828881992696154
2508,2.4925096320094298
2509,-3.3050598255246513
2510,0.31412697259189315
2511,-0.9435486011500274
2512,-4.081356237999799
2513,-2.089564336253133
2514,5.078487161635692
2515,-2.5042978578855326
2516,0.13983898908334425
2517,2.8672840449402344
2518,-0.2042498112485589
2519,0.6532691987649741
2520,1.3120448212721385
2521,-0.23943726430368883
2522,-2.877177166288675
2523,0.9414216586433497
2524,4.091274128780427
2525,-2.3316095119083116
2526,-2.474065901745064
2527,4.187713956343046
2528,-0.8184958209039621
2529,0.8957577332900399
2530,1.91424173086736
2531,-4.131551443510034
2532,-1.9015037395121368
2533,-1.9647337924676833
2534,-2.5423387178966124
2535,0.6104903025248944
2536,3.9204233175961463
2537,-0.44451572789606075
2538,-0.5078040598283451
2539,2.617609856637884
2540,5.354176642116954
2541,0.4420465202861834
2542,-1.7813226166963858
2543,-0.36630595664973953
2544,-4.215451228119107
2545,-1.6731603018158268
2546,1.0257827839441518
2547,-1.342344910564023
2548,-1.558525459384569
2549,3.466954538920433
2550,-1.7268178265397154
2551,0.8988613802102918
2552,0.38223931032425185
2553,0.6229813241809978
2554,-0.49073390112994275
2555,-0.9532441242600669
2556,3.98352615801538
2557,0.7217559209221349
2558,-1.6932481425291002
2559,-3.559392684151632
2560,4.097938151074942
2561,-1.4953527672777085
2562,0.7381868438639714
2563,2.7741604712934134
2564,-2.1769318999661067
2565,-5.9745414270608705
2566,0.7917982254686393
2567,-0.08687616457473268
2568,1.236592781833565
2569,0.03112769597923659
2570,-0.7397505323752256
2571,-0.3106257710705478
2572,1.152258136222585
2573,0.21166348569417437
2574,2.3073378350789824
2575,2.1197693337929024
2576,0.3801682840502991
2577,0.1626390816373231
2578,1.622657460251233
2579,-1.828400068682214
2580,-2.458361251689567
2581,2.438160180505676
2582,-0.6258259163342217
2583,-3.018488266987333
2584,-2.9889666849837653
2585,0.8398909000343764
2586,-1.8423808920638862
2587,-0.3258595544334497
2588,-2.2894550115817225
2589,4.533062930847919
2590,2.4538024216599723
2591,2.7375105018634827
2592,1.5650203716382407
2593,1.2899086313683483
2594,-1.6040862552198547
2595,1.2484125189441357
2596,-1.9102179501660004
2597,2.9858285735993633
2598,-0.8671086060321045
2599,-6.457789662211141
2600,-0.3357901614783714
2601,0.8700698977762471
2602,-4.3417430165238216
2603,-0.157853494055189
2604,-1.041752376440769
2605,2.706784646011428
2606,-1.4524720399254392
2607,2.301691794041176
2608,0.4619813495855425
2609,1.8901881180114941
2610,3.2797150495622134
2611,-0.2864533614889666
2612,1.095715897801611
2613,0.9863210234401123
2614,-0.476661911665488
2615,-2.76028723817069
2616,-0.826404430956984
2617,-3.258342089409524
2618,-0.32512927659203683
2619,0.18343041080366618
2620,3.834510323444931
2621,-0.6480672061111221
2622,-2.868673433473475
2623,-1.4227180629366103
2624,1.46944996443996
2625,3.8941647779096087
2626,-3.644639006174941
2627,4.023170702824956
2628,-0.05012913231928451
2629,-0.4077659316590143
2630,1.1667007908752964
2631,2.973046852162412
2632,-1.8981994572932592
2633,-1.0660360598618013
2634,1.5850486867512217
2635,-4.572307836737124
2636,-0.356090234391516
2637,-2.6335996874035175
2638,1.5513877283001847
2639,-3.0067425583936824
2640,0.38952426410102703
2641,-0.13305243965342584
2642,1.2855177100084347
2643,0.9968068738275804
2644,2.2749381696911684
2645,-1.2979432380228673
2646,1.393733098145276
2647,1.3811213176047659
2648,2.645586687948594
2649,0.2101387734658573
2650,-4.631543178331839
2651,3.794970585378735
2652,-2.55377236329943
2653,-0.28103566115478884
2654,-5.89922670038213
2655,3.8407274567883007
2656,-2.2983652598046262
2657,5.221760964843597
2658,-6.601360994846175
2659,3.182167763209634
2660,-1.6014211771095574
2661,2.334136605148842
2662,-1.0718241922036071
2663,6.775950416066777
2664,-0.43454913932916384
2665,1.6962837376533741
2666,-0.9594866829365571
2667,-3.048616902720781
2668,-0.22483686248926915
2669,-1.564618181631701
2670,-0.425437414300589
2671,-1.570382168692234
2672,-1.0829704318059612
2673,-3.2606934495507858
2674,2.4596188970508166
2675,-0.24314451669567916
2676,1.7298171727691596
2677,1.710270752886558
2678,4.163420028556359
2679,1.0570162653722264
2680,0.7869636997775302
2681,-3.659781595665706
2682,3.9207903406299636
2683,-2.7431652541581997
2684,-0.5563152325929792
2685,-3.5914063795749485
2686,1.5548765686529151
2687,-4.036494630526718
2688,0.07837500328929536
2689,-2.1117185550957487
2690,2.2464988446075296
2691,-1.9154527127912644
2692,2.7274029819480603
2693,-0.15174583307029366
2694,1.7571924968051746
2695,2.6453266456130393
2696,2.054119965935513
2697,2.9904708053511513
2698,-1.6155697075278823
2699,-2.089758383095486
2700,0.9873856005414865
2701,-2.1999996649827978
2702,-2.769261922537794
2703,3.0194435326467897
2704,-3.101736281986007
2705,-0.7888768095574079
2706,-3.309394043950377
2707,0.35754849777109143
2708,2.080829278378772
2709,0.1365427499119818
2710,0.5223952970704033
2711,-0.2800124943338176
2712,0.5172734190510653
2713,-1.5528234834399797
2714,7.938985534866035
2715,-1.0937118648817545
2716,-1.6234562634288636
2717,3.6741986642107918
2718,-1.3012684868249522
2719,0.3969897166618921
2720,-2.7500484402649334
2721,-1.6633057230330337
2722,0.8498333337216764
2723,-1.1458952872941381
2724,-3.0572367932433338
2725,1.6006681560323557
2726,-3.1608490168223966
2727,-1.7292524766722863
2728,4.149756072003413
2729,-0.48656028708165877
2730,1.0169211297313296
2731,-2.131785234673572
2732,3.8432665585213783
2733,1.0775050705864686
2734,1.1607500229436738
2735,-0.4569863061719559
2736,2.6544657901875013
2737,0.3252729334404876
2738,-3.265361580722981
2739,3.7561123124580007
2740,1.7697911978948895
2741,-3.540544834560748
2742,-4.482043530779762
2743,0.3453808243985037
2744,-2.2056915348604917
2745,-1.2669801528198263
2746,-2.4574251676430805
2747,0.9405575249075611
2748,1.7025255043093495
2749,3.473459567625511
2750,2.486861229453339
2751,-1.335739353797635
2752,2.806917875619007
2753,0.647635372673605
2754,0.03821181064452617
2755,-1.8862011747932002
2756,-0.9872679999037501
2757,1.4963645770871352
2758,-2.2822944412785375
2759,3.8044720198006416
2760,-3.5715550322355654
2761,0.7814442258232219
2762,-4.023439051360143
2763,-0.05722196131672774
2764,-4.264065981630935
2765,1.3349772998542875
2766,3.0906562726434004
2767,2.297016554033519
2768,1.2243855556482401
2769,3.8014394050202753
2770,-3.856339610936132
2771,5.1584022623892025
2772,-2.58958838557443
2773,-0.775374409975214
2774,-2.257540834096659
2775,-1.6272777455994145
2776,1.173235565806138
2777,-2.383358529621731
2778,-1.5134794116810752
2779,0.4468154225553036
2780,1.6373569216951154
2781,0.5317577225267058
2782,-0.14473804318950556
2783,0.6497463719211822
2784,1.4286759737973824
2785,0.8583427284416558
2786,3.1024809086240595
2787,-2.739615015848571
2788,1.8862279591268418
2789,-1.1392078814465094
2790,1.4896197414313548
2791,-3.4772992407979473
2792,-1.098303702611986
2793,-4.110331627564221
2794,4.987995975684839
2795,-3.3504581703060268
2796,1.0042696416852976
2797,0.5090229489569253
2798,1.5677585259720104
2799,-2.368990070777002
2800,1.792965454538603
2801,3.004138327571539
2802,-2.3446304991559686
2803,0.022250444366918032
2804,-0.35866861805735084
2805,2.4923383953580043
2806,0.11390403556403328
2807,1.7983076182107425
2808,-2.2407516996269123
2809,-3.0350412921013117
2810,1.2424236354101765
2811,-1.0337265493675005
2812,0.5485356534740049
2813,-3.7839253405018667
2814,1.8770598218308976
2815,-3.169971851093649
2816,3.1143201482406937
2817,-0.4922615190891406
2818,1.709146486212049
2819,2.2588021920440724
2820,5.204043137098097
2821,-3.5152073335265612
2822,2.166983971225477
2823,-0.6073657091789357
2824,-2.9263659337443357
2825,-3.075536742801063
2826,0.5175178409734968
2827,-0.5096834023336214
2828,-3.724231176355943
2829,-0.18470441423077943
2830,0.7426111268946727
2831,4.034012116021373
2832,-0.2946308664182453
2833,3.394465855811177
2834,-1.1239259321162507
2835,1.1196422001679451
2836,-1.7323680085583533
2837,2.2522768245044062
2838,0.7506750956562485
2839,3.0067921918697778
2840,-4.217140241990663
2841,1.0506159640175525
2842,-3.7664154335175226
2843,-2.0914150891501038
2844,-2.2054450125650362
2845,-3.5869173228426376
2846,2.038146372427036
2847,1.938257943386617
2848,-0.19365377459536148
2849,-1.1763639202865335
2850,4.176486912705073
2851,2.147279648562616
2852,-1.256704235891391
2853,3.701583566448363
2854,1.0890783430938171
2855,1.3117797861835072
2856,0.34702445182367114
2857,1.0425216822246028
2858,-1.7481461078438514
2859,-3.7580167235755795
2860,-2.9606994121168384
2861,3.332315488446767
2862,-2.6014201695032426
2863,-2.1951142191611837
2864,-0.6703282025954564
2865,-3.8656585843415456
2866,-0.07373344349895206
2867,3.053476062642602
2868,0.9948465380723803
2869,4.4012041463942495
2870,1.5709881888287498
2871,-2.9018899118143224
2872,3.099755375550373
2873,-1.5443655763266406
2874,1.6795544899725456
2875,0.5660761984558178
2876,-1.2017356965690453
2877,2.508218378623951
2878,-1.348461505814683
2879,-1.7517602975226652
2880,-0.5158405146270866
2881,-0.4465054862327804
2882,-1.6416024871732589
2883,-1.544433388760254
2884,-0.8994596808986017
2885,-0.4209492235997061
2886,1.9782525780912437
2887,-0.6396901000173187
2888,2.5619780131977734
2889,-2.640888739142852
2890,5.407331449906238
2891,2.450050129727771
2892,0.6274006902850999
2893,-2.7811845650656437
2894,1.7057166170387177
2895,-4.4582921515229685
2896,-2.225020295054648
2897,0.16241676034273667
2898,-3.796899143714299
2899,-2.084496683508391
2900,2.947890045482552
2901,2.507330874850851
2902,3.4623320445065247
2903,-1.0240243686344144
2904,0.5528207845498798
2905,-0.4759900114814428
2906,0.23643726225918726
2907,6.099883984144341
2908,-1.2098072986967168
2909,-1.5816858905487834
2910,-0.9342402642954823
2911,-2.4230988691762576
2912,0.16845534968804543
2913,-3.1500130049983
2914,-0.17419913139093524
2915,-2.7388158077711324
2916,-0.30116112237810455
2917,-0.6754666388985129
2918,0.9399473285536288
2919,2.7838970313869282
2920,2.0330125466820164
2921,2.473673776365402
2922,2.428963890372046
2923,-0.5199264920256184
2924,0.5757311018027167
2925,0.858078863743529
2926,0.2484383407628883
2927,-6.745412348640656
2928,0.6820435517574595
2929,-0.24286300925804483
2930,-1.8600308852926162
2931,-0.5669324963852489
2932,-0.6664411245023132
2933,2.041415074559069
2934,-0.3724848501180844
2935,1.1705371290471334
2936,1.0201213931546107
2937,0.0015353349168663044
2938,0.9863163011116285
2939,0.7965423991958858
2940,6.009650025361594
2941,-4.2524206844555295
2942,0.3706947945208725
2943,-4.3885489303998355
2944,-0.16397250426923904
2945,-4.517065904133901
2946,1.0357295336359158
2947,0.8949892535533195
2948,3.677044549649935
2949,0.12706742705094598
2950,-3.3189684253665206
2951,-2.2557572697339623
2952,3.602080875265827
2953,-0.6485739962674586
2954,2.200225088006434
2955,1.5036615822123878
2956,-0.4063634363497215
2957,2.436324358995506
2958,3.160288297974887
2959,0.617409968949687
2960,-4.0740222055753605
2961,-1.0160178546664156
2962,-4.7601355715059555
2963,-0.3004445118979078
2964,2.3272999417159923
2965,-2.831720203470425
2966,-2.5291287778094045
2967,1.341608813745978
2968,1.3253640777822966
2969,-1.729111397464692
2970,2.5212360771649287
2971,4.547842766328046
2972,-1.3352003748921106
2973,-0.11988008858190824
2974,-2.043530712806188
2975,1.787695585004414
2976,2.621562382462173
2977,-0.4089130011180373
2978,1.9430102798362725
2979,-2.62037899310333
2980,-1.3364057329290944
2981,1.9960609796520856
2982,0.40717584743450175
2983,-7.098161138989852
2984,1.049616777033421
2985,-0.745577486747095
2986,-1.2113742664052722
2987,-1.621564159836936
2988,1.5530792322276312
2989,1.1965711882907613
2990,2.1524655002144755
2991,5.128080718525695
2992,-2.7520084128799454
2993,3.0300342101576945
2994,0.7439373662864455
2995,-1.2019147292915022
2996,-0.5665521940106686
2997,-2.489865655678443
2998,2.2766252405103273
2999,-1.3151927037990845
3000,-1.950310541033602
3001,-0.9108825913921237
3002,0.5571179801293766
3003,-3.206227241975384
3004,2.5968592882608874
3005,0.2064234778909224
3006,0.22981629023476557
3007,-2.2618779489214234
3008,0.9952371867712344
3009,2.024336395803644
3010,1.561641605514751
3011,0.8938659289930513
3012,2.8527789790407496
3013,-3.808002768894653
3014,1.0290781682827657
3015,-1.3713602036481802
3016,-0.8768389559249243
3017,-0.8384284744918205
3018,-0.6781740777912972
3019,2.063230856250854
3020,-2.3378058863766853
3021,1.550013966762961
3022,1.2690264063849668
3023,0.9230566313855064
3024,-2.399842907858371
3025,-0.6573694269868042
3026,-1.3974147639807484
3027,2.584217468580391
3028,0.3993935024102484
3029,-0.711691669200718
3030,0.35641033372289144
3031,1.6986877979071977
3032,-1.780895028129649
3033,2.124546413451128
3034,-3.253786266189124
3035,0.10555458275312901
3036,-1.6256252858890008
3037,2.372297778440796
3038,-2.431338907073453
3039,1.8744470439463754
3040,-0.5758345081864036
3041,0.8548385243513366
3042,0.46343885111623706
3043,-0.11489345626239356
3044,3.150961105510703
3045,1.0233940834760347
3046,0.9290839523429781
3047,-4.245959080058071
3048,-0.7411398934327735
3049,2.2194467615100137
3050,-2.9403413714219653
3051,-0.5515806438864672
3052,0.7630699933468037
3053,-3.587319065471064
3054,-1.9909738657966614
3055,4.526607029974471
3056,1.0563123344042822
3057,0.8136079235151641
3058,-0.44966636528889126
3059,1.8268981242267301
3060,-1.1084495693336152
3061,2.342922091505443
3062,3.0925826241088146
3063,-3.118603191236275
3064,1.3453605276071414
3065,-1.1495997926250112
3066,-2.798508140495443
3067,1.7521457116418873
3068,-1.1518573236956513
3069,-5.782407600106069
3070,-0.6989034009054649
3071,4.598581450287625
3072,-1.663388647386526
3073,-0.7450065883398338
3074,1.5660829501434392
3075,1.1781325886538525
3076,3.442813030687148
3077,-2.0834867353750184
3078,2.2764254177016454
3079,-0.4583233423822861
3080,-1.4773809559731461
3081,-2.4562530559582854
3082,1.6729597631897803
3083,-1.8237002758025085
3084,3.067833020578206
3085,0.5360822717593408
3086,-0.4031859665919626
3087,1.5236564120527163
3088,-2.4820384590822897
3089,-3.0215917209998793
3090,1.1918700719204907
3091,-1.0866301506319331
3092,-2.135458099516441
3093,3.1390417669749837
3094,0.29435629773151106
3095,-0.40742780583867955
3096,0.7833530885093012
3097,0.24988283216677587
3098,3.124817009902088
3099,-1.8558392727952224
3100,1.4635449225369825
3101,2.064074196587441
3102,-0.4842960945558872
3103,-2.0667350630059644
3104,-0.18384062784393507
3105,-0.49718347172365895
3106,0.2451638565234333
3107,-1.7878164131119831
3108,-2.928439813536258
3109,1.7585367242056265
3110,-1.3531613042760853
3111,-2.893007526813875
3112,1.2029137174939564
3113,2.5084931171827094
3114,0.7704344823495859
3115,1.3621869757243559
3116,2.714877572953057
3117,0.4171318952849816
3118,0.09649477394681583
3119,-0.3015492764036054
3120,0.6382766280231067
3121,-3.089940946345365
3122,-0.059255126193235697
3123,0.25121684055488913
3124,2.075422362291164
3125,-0.35170311148762323
3126,0.25555960497717933
3127,-3.5204275626689423
3128,-0.8793691013591456
3129,-2.036425301191599
3130,1.2700180754159618
3131,0.6635127146562496
3132,1.2797349704118943
3133,0.6151899278629571
3134,-1.2908977991612147
3135,1.1261705575455352
3136,-0.5258457623493058
3137,-0.22809357363107097
3138,2.67886568494049
3139,-2.833895454019739
3140,3.2066251288770786
3141,0.8299025941540066
3142,-1.181541140245372
3143,-4.396094294341424
3144,0.4884034769340957
3145,-1.3462797589762943
3146,-0.5087764721452857
3147,4.975236668720527
3148,0.8918469016265931
3149,-0.851260617035166
3150,-0.5394100766310999
3151,3.281578339023639
3152,-0.902029326782781
3153,-1.6909987728356555
3154,-1.745916783581265
3155,-0.22776769061013624
3156,3.331798868773248
3157,-4.242215249040697
3158,1.3280965708568573
3159,-2.7189381831539947
3160,1.4107169038245786
3161,2.8651826199784836
3162,-5.187828052591016
3163,3.091870021071429
3164,-1.5422043861100718
3165,2.034363355835467
3166,-0.37844297902113055
3167,-0.13310219226177367
3168,3.1816726235116874
3169,1.3735751204148272
3170,0.5225138784470857
3171,-1.692179481861558
3172,-0.12751286903449
3173,-0.9476865718234677
3174,-0.44308724755956064
3175,-2.1038145271401874
3176,-1.2385623417226554
3177,-3.0827424913098724
3178,3.162811003651612
3179,-0.3483353380856187
3180,3.4926511604523824
3181,0.958713074480869
3182,-0.33890560999950026
3183,0.33895826969944665
3184,-0.7051558837804777
3185,0.38904868547469107
3186,2.5860085182076347
3187,-3.9101504710685475
3188,-0.06701670878162247
3189,0.21195524534149968
3190,-0.2363075132612238
3191,-1.9238875464441918
3192,1.5442699863286151
3193,2.036023925418803
3194,-3.2143157165247516
3195,-1.521455873560413
3196,0.6154127197154082
3197,-0.46558000011819445
3198,1.473481494755518
3199,4.007478503003341
3200,-1.5019959428603613
3201,1.043717795982701
3202,-0.7289629748827338
3203,0.30089186555387926
3204,-0.9534511334829006
3205,-0.41957492664039364
3206,-2.0840572954625287
3207,2.2130349894607093
3208,-0.8670173495012534
3209,2.2172774938156863
3210,-1.9975197894221282
3211,-0.6529279613002217
3212,1.3678852960087085
3213,-2.7082163934950785
3214,3.80382250559623
3215,-4.027907800153272
3216,0.6721817782449762
3217,0.823530555845764
3218,-0.8252079850325345
3219,0.9552494195478403
3220,2.416135788351795
3221,-1.0381159404673355
3222,-1.91562022092198
3223,4.628655749350244
3224,-0.7162435065419999
3225,-0.12079956421935378
3226,-1.0660296061837897
3227,-1.5135005218873374
3228,1.0576873455099047
3229,-0.1823948038308032
3230,-4.784689504577003
3231,1.1375518051980293
3232,-0.2073288841902894
3233,-3.5609342328583438
3234,3.3423537855081094
3235,1.7197111550401303
3236,3.196605145810622
3237,2.2423195708959867
3238,1.0105716071505668
3239,-2.0791802325716873
3240,0.952993070163501
3241,-1.4483194861089288
3242,2.2576106624859307
3243,-2.2652234050784017
3244,1.9593212118074632
3245,-4.128794672127654
3246,-4.156190669231975
3247,2.509338696056517
3248,-2.3354329833925362
3249,0.9516587153571265
3250,0.12708054042612105
3251,2.0545270958144073
3252,0.7038835291520655
3253,-1.048002400174184
3254,-2.756985107581869
3255,4.46693280986112
3256,-1.1901782153422147
3257,0.15077668787735377
3258,-1.2017105128803252
3259,0.7490707568996271
3260,1.5426867922624439
3261,1.683774605488793
3262,0.3760023487947848
3263,-1.5059616639901776
3264,0.7342366608540516
3265,3.310457264072852
3266,-4.56739445412812
3267,1.9726835948393955
3268,-3.3295141613509287
3269,-3.2730312763936524
3270,2.479755945846435
3271,-2.553117345748575
3272,1.0194042022324084
3273,-1.5373260860270506
3274,0.14502498638471195
3275,-1.4134000712256523
3276,0.484457902676354
3277,6.551527375642692
3278,1.352191043509336
3279,1.8198365898019802
3280,0.49367068557259586
3281,0.30473404466026466
3282,0.24982512227073528
3283,-0.5702545122337597
3284,0.22568775310647027
3285,-4.194950744099231
3286,0.8990465421444327
3287,-4.457753236692199
3288,-1.4277793653899948
3289,-2.0950068290505186
3290,1.9244320342988885
3291,-0.2557115481833989
3292,2.569270165884049
3293,-2.171502047958711
3294,1.8162220960044806
3295,1.1018204798784126
3296,1.976049509705902
3297,0.09769260366257981
3298,3.4295018515823585
3299,-0.7052221418930884
3300,1.2821773811826915
3301,0.10939804458503488
3302,-2.5340227985848998
3303,-0.18346771358483238
3304,-1.153415798156658
3305,-2.5616230903636676
3306,-1.8287854853056018
3307,-3.551913687818285
3308,0.6948753819968942
3309,2.498636815125451
3310,0.750661110044291
3311,1.9634794327780156
3312,-2.0091146519293517
3313,4.2508939611963115
3314,-0.044576854780189024
3315,-1.0209136432588366
3316,1.82848747179942
3317,0.4387441646618555
3318,0.18121564225084796
3319,2.1251701891824695
3320,-3.2557176946229873
3321,-2.4359759071798948
3322,1.4007039670832313
3323,-0.9235283966652617
3324,0.2032366085460211
3325,-2.0102754257320896
3326,-1.913124005352671
3327,1.0207318374691
3328,0.13159374564177995
3329,0.9237472783884471
3330,2.107772308599351
3331,-1.0975494863211708
3332,3.7317558075875468
3333,-2.984600147449953
3334,0.40453864883902213
3335,3.5444233651706014
3336,-1.157957544500178
3337,-0.8486183400822682
3338,-3.2379241862645927
3339,-0.5138696385915296
3340,1.3365260008780666
3341,-1.5168527165997148
3342,1.246452894555091
3343,-0.41287558314759565
3344,-1.4437967246523584
3345,3.921573561439729
3346,-3.3095418606398397
3347,1.3497007877426057
3348,2.6606696316775498
3349,1.7702799109922154
3350,1.257907937960681
3351,-0.9457705702713213
3352,-2.7083935874794065
3353,-2.1454021795477587
3354,1.8512090008026263
3355,-5.610071423153244
3356,0.1310601433898313
3357,2.1613659504844804
3358,-1.274812318058224
3359,0.7187522954852597
3360,-0.09241095774189034
3361,3.3917354797143844
3362,0.11001095091894797
3363,1.921057681706003
3364,0.24227903308273824
3365,-1.528355234706737
3366,0.42338475157336575
3367,0.9116126391622856
3368,2.3957877811694743
3369,-4.005304725592481
3370,2.9610124333017183
3371,-2.9916767143040914
3372,1.7202488586594455
3373,-3.0000770077241015
3374,-1.1214287303027675
3375,-1.0977578279445623
3376,-2.861236016557271
3377,0.8712480907392433
3378,1.3819444615217407
3379,1.516795577382851
3380,-1.2832139825575268
3381,2.0087013267035445
3382,1.3078864318475638
3383,4.619323712492076
3384,-1.9601134418803667
3385,2.9791188280290157
3386,-0.16062550598115877
3387,-1.54981578180643
3388,-1.7975668969172318
3389,-0.8766996013119126
3390,0.07267931036497544
3391,-2.7204079270949677
3392,-3.2476450319597916
3393,-3.9021003549163993
3394,3.8430335583649224
3395,0.867027889976157
3396,-2.315689924877958
3397,4.931955639307645
3398,-0.03920161169094172
3399,0.01590719086547665
3400,3.74507752862894
3401,2.2537426858153395
3402,2.0212153229583407
3403,-0.5257796068835319
3404,-0.21835875950799277
3405,-1.5699235686684005
3406,-4.578343899648047
3407,-0.8330843413249198
3408,-1.4869629236967228
3409,0.053745131362092025
3410,-1.8540701611103145
3411,0.6545331351863695
3412,-2.7641540168844756
3413,2.393447223994812
3414,-0.7656348345812916
3415,2.862327097747851
3416,0.7410635381939699
3417,2.0860848999367647
3418,2.4710266131792338
3419,-1.6277627588494568
3420,2.6783372058319372
3421,2.342841810381387
3422,-0.4491463709297818
3423,-4.940670151621362
3424,0.994632843179815
3425,-2.1541424551279817
3426,-2.143228602147886
3427,-0.8837901442904013
3428,-2.097191642747177
3429,-0.10262808568667481
3430,0.04612788304254423
3431,-2.3487675992697206
3432,3.8787985185952323
3433,1.2606369764743874
3434,0.2630060582538789
3435,5.600104366635108
3436,-0.035443333279218336
3437,0.7800551177054444
3438,3.382055808614865
3439,-0.10780228008734127
3440,-0.9319870811205391
3441,-1.0585995374340484
3442,-4.3103675262828745
3443,-2.5213923974588255
3444,-3.7353205562008043
3445,-0.10542767813667808
3446,-1.1150508412833915
3447,-1.0391535518615882
3448,1.5823768773807672
3449,-1.3005675743705325
3450,2.860644324424584
3451,3.0508568164781735
3452,2.5032588054478566
3453,1.1167864774424316
3454,2.1112395734035942
3455,5.562042675778713
3456,-3.9617491336343704
3457,-0.32029331519566995
3458,-3.224265324580756
3459,-0.6953107477364711
3460,3.4935547635430027
3461,-3.7350805973498638
3462,-5.6998242731934425
3463,-0.8487649275895279
3464,-2.363855220979218
3465,-0.19031878638526223
3466,1.6980229662241015
3467,-0.7531451705387155
3468,4.739290836871078
3469,-2.2051740765326144
3470,0.033730778909699666
3471,1.8271992503529049
3472,3.178864810060759
3473,3.3410433209256354
3474,2.000463128620595
3475,1.6376495491455927
3476,-6.647284584189364
3477,0.5022354409264267
3478,-0.9859797974346094
3479,0.9231132295368667
3480,-0.9390275598897375
3481,-1.3392191139256937
3482,2.1986851717628895
3483,-4.11588835381842
3484,-0.6655780797035931
3485,0.8248882333859626
3486,-1.1669745967710412
3487,-2.970720124151029
3488,2.6429535003167643
3489,-0.6720634368784602
3490,5.505290732569392
3491,-2.177611807830843
3492,-1.428858397373446
3493,4.587788465484579
3494,-2.4097468521123346
3495,2.561230220893435
3496,0.580612084853783
3497,-1.9060085888544052
3498,1.2939677068043238
3499,-3.28623953667352
3500,1.284914357067052
3501,-0.26851736983935837
3502,0.1837947725038731
3503,-3.3927676724128872
3504,-0.8508730539526255
3505,-0.7646212169548647
3506,1.6384995420881836
3507,-0.08425928232618674
3508,1.0297575426791354
3509,0.3667973795334234
3510,5.608997397816836
3511,0.5829038824011121
3512,-4.6033221992831415
3513,2.0348203256274076
3514,-0.9388334513865431
3515,0.30521192919661644
3516,-2.44121698266558
3517,1.820441572874202
3518,-2.003712304173064
3519,-1.2958308508735996
3520,-0.9572932939245788
3521,-2.3976970948571363
3522,2.3575983712735393
3523,1.914368921783776
3524,2.08847279544905
3525,0.24535330557471013
3526,-0.5986954808932978
3527,0.577831972365999
3528,-0.0636969374841101
3529,-0.31413569226010907
3530,2.307959298672202
3531,-2.3057721465030454
3532,3.0899413738373767
3533,0.4240949418753672
3534,-3.0788294682805173
3535,-3.090378770037489
3536,-0.347431769435687
3537,-3.264854268059395
3538,0.4917556102807197
3539,2.7903615763169682
3540,0.6869416784230395
3541,1.8969929213726857
3542,-0.0625980324976183
3543,-2.5357845236973304
3544,3.612356785589313
3545,-4.173774121315489
3546,6.631437488072535
3547,-2.675487336716955
3548,3.6883812971310874
3549,-2.9964083881995975
3550,0.610023545381722
3551,1.784319790874065
3552,-2.6476679840309316
3553,-1.1876956985968405
3554,4.891829403004181
3555,-7.423899947488948
3556,1.3588762325733654
3557,-1.9053074962516945
3558,2.2455394394864356
3559,-3.9135732767695686
3560,0.25299382569048134
3561,1.4916573179256574
3562,0.8889564602386173
3563,1.7358235203954706
3564,-2.158037758597956
3565,4.117136473829206
3566,0.9450098079096421
3567,-2.2340173483789556
3568,1.8022987561508188
3569,0.7256011865990075
3570,-0.9118229982490789
3571,-3.5027756516966093
3572,2.752546530848278
3573,0.014949349069027562
3574,1.549188322946307
3575,-5.970751532586405
3576,1.7080490821591212
3577,0.4681397847816555
3578,-3.155515683025172
3579,1.3500052755880034
3580,-0.14200827939606597
3581,-1.8881371955096284
3582,3.7346554578023756
3583,1.8252476696472684
3584,-0.4571473319860644
3585,1.18856706170223
3586,-0.6876230406193855
3587,1.4637555972889942
3588,-3.8056442212173067
3589,4.809097151952642
3590,-1.6197286899022743
3591,0.6497297198005327
3592,-1.1193393470068855
3593,0.0059086928230840385
3594,-0.4205466312079693
3595,-0.7835847868551014
3596,0.6498596279056983
3597,-0.30850559264555955
3598,-5.3482431867215325
3599,3.203344676323937
3600,0.25839048844947854
3601,-1.4786591987788995
3602,-0.2309197525231923
3603,2.753245988083208
3604,0.6110251530137276
3605,0.8050697659028572
3606,-1.9984998636977878
3607,5.107507017764874
3608,-0.16755786779344817
3609,1.8184128989662582
3610,-2.717336534087522
3611,-1.42364619168778
3612,-3.4313355455820016
3613,0.5246703429991726
3614,-1.727012072788412
3615,1.3719475958605472
3616,-2.2070326409093752
3617,0.2042963208116788
3618,-0.2520135441241109
3619,-0.018491253080270553
3620,0.8340266067401387
3621,2.828478467794355
3622,2.006046731959259
3623,-1.3167699673308704
3624,1.9260105310455629
3625,0.02531780959441221
3626,1.4194502546823742
3627,1.0313446518928373
3628,0.19485115526174468
3629,-4.074866596763798
3630,1.5665336247458441
3631,-2.4686683789412456
3632,-3.298068890975287
3633,-1.6467623577321575
3634,0.5450927760548865
3635,-1.5678271395222652
3636,0.8468184390030444
3637,3.1074224670081207
3638,-3.3238951408541197
3639,1.6229278729453398
3640,2.807021649078962
3641,3.495306137479929
3642,-0.45723838982677023
3643,1.7573632638426773
3644,2.507258201324447
3645,-0.48548645738030416
3646,-1.3215439839328553
3647,-0.8206288880206642
3648,-0.1238455774945777
3649,-3.2582320487384493
3650,0.21150733527987597
3651,-3.0324264954756046
3652,-1.3159641535201274
3653,0.3284613565726602
3654,-0.9690384449561407
3655,0.425983731101212
3656,1.370207702778174
3657,1.620704320466885
3658,2.0597324998065005
3659,-0.7158248369848508
3660,-0.19140320752653395
3661,-0.1954810944981631
3662,3.480442309398157
3663,-1.0730292038467013
3664,-1.2092766313138554
3665,0.4158038289147896
3666,-2.126586061974507
3667,-1.4529225221657214
3668,-0.8392590154202821
3669,1.2419571390534685
3670,-0.1267015382452854
3671,0.1798649287316465
3672,1.4271704157387006
3673,-1.404346314270839
3674,0.3050441746595425
3675,1.2048797018484692
3676,-0.005711018115761135
3677,-1.813749468649121
3678,1.0808014886079746
3679,-0.6803929336712002
3680,1.941804120004008
3681,4.023992119128522
3682,-2.468136550002555
3683,-1.7602820113468738
3684,1.9030517717243072
3685,-1.8117845815689861
3686,-4.586012825903055
3687,3.790526412857389
3688,-0.9732401208133012
3689,-0.0892014589505834
3690,1.014626757201114
3691,-1.962341398314905
3692,-0.21879089791843853
3693,1.7786222485521108
3694,2.2089055527011965
3695,1.2388315541622603
3696,-2.067635985103749
3697,-2.50230491631973
3698,2.8509371794181533
3699,1.2738330005498995
3700,-0.16061771647085266
3701,-1.60856673698963
3702,1.7121291596925374
3703,-1.6965317123191852
3704,0.7834954470438618
3705,0.5593377958499701
3706,-3.9261003006838706
3707,0.4485587533651767
3708,-1.5585198288316633
3709,1.9547945664568687
3710,-1.5581981984874744
3711,2.5835426906431422
3712,-0.9921422073851147
3713,-4.5289101104355325
3714,5.422301771170808
3715,-0.7914622783762724
3716,3.802915854422011
3717,0.9611456289463831
3718,0.982956653393174
3719,0.09402864694486368
3720,-1.8498135280019454
3721,-6.133706660896792
3722,-0.4072530532323668
3723,3.6364310207356567
3724,-5.047266165266521
3725,4.881877284011409
3726,-1.7310312274543946
3727,3.4384163167799215
3728,-2.1197471334304083
3729,-1.0840881952146901
3730,0.7173093588276487
3731,1.539040149760396
3732,-4.48083430688493
3733,6.0856979681352925
3734,0.18244869612198045
3735,-2.8016530350183046
3736,2.9731209894136867
3737,-1.4655373442220139
3738,2.05157470330424
3739,-1.6969336122781016
3740,-1.265433378333313
3741,2.396725180975764
3742,-1.5329881182636171
3743,-0.2939856596412227
3744,-1.9207773061098834
3745,2.669948159109225
3746,-1.0853336827184563
3747,-1.10247869320213
3748,-3.871826235041013
3749,2.7188930031349514
3750,-3.541079031946026
3751,0.07985153663261713
3752,3.7959269507684184
3753,0.4437927852528958
3754,0.5918654216324768
3755,2.6596935041818597
3756,1.915427139133925
3757,-0.9568514852399801
3758,4.785364338922022
3759,-1.8667820481656037
3760,-1.6772808833253379
3761,-0.07685990431461676
3762,-2.104399116165922
3763,-0.6718297626975982
3764,-5.725117455032276
3765,-1.2598645802125077
3766,-1.475474495448168
3767,2.461627364055687
3768,0.44417786983771634
3769,2.6955348304163067
3770,-4.540063422331144
3771,3.5162103287123756
3772,3.9925375120870683
3773,0.46303602043941794
3774,-0.2861821072340405
3775,3.2769891186198237
3776,-0.8978847315268439
3777,-1.9703378689537203
3778,-0.04292857079238388
3779,-1.773904312618555
3780,2.0101432211771595
3781,-2.0433512279746253
3782,-5.255515859511306
3783,3.525402717553746
3784,-1.8404273039002135
3785,-1.4656113536372288
3786,0.813224267952009
3787,2.737390661832592
3788,-0.7425115021713964
3789,3.5096842671371604
3790,-0.867042660216768
3791,-1.920677528092014
3792,3.387342249229917
3793,0.8245831377168145
3794,0.6251240796122346
3795,-0.7705906002719303
3796,1.3422428901011045
3797,-2.221541435061525
3798,-1.6803085325934717
3799,0.7648314250979809
3800,-1.5771342875059844
3801,0.6614973985324895
3802,-3.2461807554146276
3803,-3.35692855753139
3804,6.74140817235984
3805,-5.389130132018025
3806,4.752063096829332
3807,-2.8928037829668938
3808,2.787660666657956
3809,2.5769956289315132
3810,1.4633501474144168
3811,-0.2962321201839302
3812,0.14728850688452155
3813,-0.42826282303698804
3814,0.9705335485362667
3815,-2.7784692335986847
3816,-2.0123020864072316
3817,0.2272625771010155
3818,-3.3236495073091135
3819,0.4453353942008249
3820,-2.3738038436692364
3821,3.0890999888364234
3822,2.843666602862257
3823,-1.9360708411722527
3824,2.925480105401988
3825,1.4524929698199713
3826,-2.394345809185026
3827,-0.1462197397740681
3828,4.252496163246562
3829,-1.5467127295943754
3830,-1.6589396957188995
3831,0.1283025060232177
3832,0.5177603796309143
3833,-2.9752229640564565
3834,-2.8646055276010713
3835,3.594426217545177
3836,-0.3173351385974712
3837,-1.9492029533886068
3838,0.1368360126913899
3839,-0.2243688155717365
3840,2.482070681359758
3841,1.5631439501323712
3842,-1.001104839980428
3843,-0.041749832844629964
3844,0.1145668395397621
3845,1.3912800782207597
3846,-0.5096113712917969
3847,-0.4094262221846918
3848,2.0579208178836126
3849,-0.29609260748668476
3850,-4.69195927169001
3851,0.38455241853054645
3852,0.5138327660853719
3853,2.0121144221569267
3854,-0.3058028121456289
3855,1.6181388055417472
3856,-2.088794270272274
3857,-1.4313887565010788
3858,1.0423951255977215
3859,-0.07399669747800885
3860,3.1707621033131232
3861,-2.829119525600589
3862,0.6702639297894422
3863,-4.773453453557707
3864,2.3160069363849516
3865,-0.1009740605854006
3866,2.9607115934924053
3867,-2.4810742691245764
3868,2.3941330912499836
3869,-1.1419905604305143
3870,-0.36711799721339844
3871,-0.5918622308405759
3872,2.8438483503027214
3873,-0.30285854948881763
3874,0.23111403063410307
3875,-1.820224015597418
3876,3.3399234686114028
3877,-3.182376785577418
3878,-2.9721749536441564
3879,0.07776983260941961
3880,0.019004953986041073
3881,0.8545197120659793
3882,-0.039393939437786685
3883,1.9702585158419197
3884,-2.306600072666768
3885,2.0215424669280395
3886,2.0409714286202387
3887,-2.0614214937397293
3888,3.8488177581392904
3889,1.5658876106592032
3890,-0.44623594674315825
3891,-2.7185396075764174
3892,0.8543671407135207
3893,0.4806683616291849
3894,-2.481527463969357
3895,-2.5800136441256427
3896,0.15738066540220075
3897,-0.23522376630505448
3898,-0.7660960885940824
3899,0.37752498436516646
3900,2.3519986771808448
3901,0.12149514282980078
3902,-1.2350019492820365
3903,-0.6966739240227469
3904,0.3196737693421028
3905,0.6347156096701951
3906,-0.4445595971270393
3907,3.983126210707127
3908,-4.056295595703361
3909,2.4235527064771105
3910,2.2233883286887277
3911,-2.4597687649395965
3912,1.3184898487730834
3913,-2.5172315047562392
3914,1.7229208627789205
3915,-0.5147928973220104
3916,-1.605133663185626
3917,2.5666369327829273
3918,-1.0199501467963046
3919,-3.879193184574092
3920,3.6505906307417177
3921,-0.499640215792283
3922,-1.7271843446310413
3923,1.8068975653810497
3924,0.4520558495026279
3925,1.4183565795774058
3926,-1.164346249716914
3927,4.898477258949015
3928,-3.787213753325659
3929,-2.616742434982669
3930,-3.500565892405703
3931,2.5801417763988326
3932,-0.3203124501046659
3933,0.3274889919865984
3934,0.2931904271112842
3935,-1.273784763520922
3936,1.565434930701585
3937,-2.2540485282341223
3938,5.169445895013894
3939,-0.5200954278367931
3940,0.5733046088362244
3941,0.03966948367695977
3942,0.1290079254004013
3943,-0.9251155108149192
3944,0.8439004456602675
3945,-0.47062071246577375
3946,-6.537673073598867
3947,1.629437126627849
3948,5.160576572533216
3949,-2.7345141668825192
3950,5.959096599086678
3951,-3.233086510296644
3952,-0.14680156651625964
3953,2.6317196330528105
3954,-3.261530075022975
3955,-2.2582516646675685
3956,2.7820902303122637
3957,-4.210020235952896
3958,-1.163510581343587
3959,3.2950152543268842
3960,-3.459865426692602
3961,-0.6968680025417342
3962,3.8447222026725
3963,-1.9095113332928833
3964,4.589996072977556
3965,1.1566933741778627
3966,-1.7477092759727952
3967,1.0600151680491905
3968,0.051410048927593266
3969,-0.6212304962496944
3970,-1.2091447552393646
3971,-0.381030371266462
3972,1.660646581889111
3973,-1.037944846608525
3974,-1.9895263889843307
3975,0.09874834222682694
3976,-1.3480968464845375
3977,0.7138000826736572
3978,-1.0279564859206118
3979,1.8882137726201904
3980,0.2634940047145875
3981,2.5565992886979956
3982,-0.08187483365162507
3983,-0.49219392494670444
3984,-0.002195272406893878
3985,3.504131418276458
3986,-2.211299168510621
3987,0.33456474014433013
3988,-1.30065797197814
3989,-2.4076695180120424
3990,2.166155143573036
3991,-4.494905679526951
3992,-0.3650981311423891
3993,1.3143894524857558
3994,-0.5301065384366836
3995,-0.9987752745669525
3996,-0.6977816529073806
3997,2.584194817363766
3998,2.0842288812808647
3999,-0.39436400602028243
